set	n_rows	categories	fields
AbaViews	5		Id,PerfilId,PerfilNome,ModeloTelaId,ModeloTelaNomeView,ModeloTelaTitulo,ModeloTelaTipo,MenuId,MenuTitulo,Titulo,HeaderTemplate,MainTemplate,Dependente,Ordem,Visivel,Contexto,DataInclusao,UsuarioInclusao,DataAlteracao,UsuarioAlteracao,Sistema
AcessoLogViews	5		Id,Codigo,UsuarioId,UsuarioCodigo,UsuarioNome,UsuarioUsuarioAd,TipoAcao,ResultadoAcao,MotivoFalha,IpOrigem,IpOrigemHeader,Geolocalizacao,DataRegistro,NomeOs,UserAgent,Maquina
AdiantamentoViews	5	revenue,invoice,client	Id,CasoId,CasoCodigo,CasoCodigoSimplificado,CasoCodigoNumerico,CasoAssunto,CasoClienteId,CasoClienteCodigo,CasoClienteClienteRaiz,CasoClienteCodigoSimplificado,CasoClienteCodigoNumerico,CasoClientePessoaNome,CasoClientePessoaNomeFantasia,EscritorioId,EscritorioCodigo,EscritorioNome,FaturaId,MoedaId,MoedaCodigo,MoedaSigla,MoedaDescricao,AnoMes,Data,Valor,ValorRecebido,ValorUtilizado,ValorCancelado,ValorDevolvido,Tipo,Codigo
AgendaCorrespondenteViews	1	expense,tax,client	AssuntoId,AssuntoCasoClienteId,AssuntoCasoId,DesdobramentoId,DesdobramentoNumeroProcesso,AssuntoCasoClienteCodigo,AssuntoCasoClienteClienteRaiz,AssuntoCasoClienteCodigoSimplificado,AssuntoCasoClientePessoaNome,AssuntoCasoCodigo,AssuntoCasoCodigoSimplificado,AssuntoCasoCodigoNumerico,AssuntoCasoAssunto,AssuntoNumeroProcesso,AssuntoValidarCNJ,DesdobramentoValidarCNJ,AssuntoNumerosProcesso,AssuntoTipo,AssuntoTipoAcaoDescricao,DesdobramentoTipoAcaoDescricao,Data,Hora,Duracao,TipoCompromissoDescricao,TipoCompromissoId,TipoCompromissoObrigaHora,TipoCompromissoCorrespondente,TipoCompromissoCategoriaCompromissoId,SituacaoCompromissoId,SituacaoCompromissoDescricao
AgendaMensalViews	1	payroll,tax	Id,CompromissoId,ProfissionalId,AssuntoId,Data,CompromissoPendente,CompromissoConcluido,CompromissoCancelado,CompromissoOutros,CompromissoAtrasado,TarefaPendente,TarefaConcluida,TarefaCancelada,TarefaOutros,TarefaAtrasada
AlertaViews	1	payroll,tax	Id,Ativo,Tipo,Url,Nome,Profissionais,Grupos,HoraExpiracao,Dia,Mes,Ano,LabelAcao,TipoData,DataInclusao,UsuarioInclusao,DataAlteracao,UsuarioAlteracao,GrupoJuridicoId,DataExpiracao
AlocacaoCasoFavoritoViews	5	client	Id,Assunto,Codigo,CodigoNumerico,ClienteId,ClienteCodigo,CodigoSimplificado,ClienteCodigoNumerico,ClientePessoaNome,ClientePessoaNomeFantasia,SituacaoJuridica,DataEncerramento,ClienteClienteRaiz,ClienteCodigoSimplificado
AlocacaoClienteFavoritoViews	5	client	Id,PessoaId,PessoaNome,PessoaNomeFantasia,Codigo,CodigoNumerico,ClienteRaiz,CodigoSimplificado,Situacao,AberturaAutomaticaCaso,TipoAberturaAutomaticaCaso
AlocacaoRecebimentoContratoViews	5	revenue,client	Id,ClienteId,ClienteCodigo,ClienteCodigoSimplificado,ClienteClienteRaiz,ClienteCodigoNumerico,ClientePessoaNome,JuncaoAlocacaoId,CasoId,CasoCodigo,CasoCodigoSimplificado,CasoCodigoNumerico,CasoAssunto,ContratoId,ContratoCodigo,ContratoNome,CodigoContrato
AlocacaoRecebimentoFaturaClienteJobViews	5	revenue,expense,invoice,client	Id,FaturaId,Numero,ClienteId,CasoId,DataRecebimento,SaldoRecebimentoAnterior,ValorRecebido,DespesasEmbutidas,ServicosEmbutidos,ClientFee,ValorAlocado,TipoContrato,Transferido,Tipo,ValorTransferido
AlocacaoRecebimentoFaturaClienteViews	5	revenue,expense,invoice,client	Id,FaturaId,Numero,ClienteId,CasoId,DataRecebimento,SaldoRecebimentoAnterior,ValorRecebido,DespesasEmbutidas,ServicosEmbutidos,ClientFee,ValorAlocado,TipoContrato,Transferido,Tipo,ValorTransferido,CasoOriginalId
AlocacaoRecebimentoPeriodoModuloViews	5	revenue	Id,AnoMes,Modulo,Situacao,DataInclusao,UsuarioInclusao,DataAlteracao,UsuarioAlteracao,Codigo
AlocacaoRecebimentoTransferenciaClienteViews	5	revenue,expense,payroll,tax,invoice,client	Id,Tipo,ClienteId,ClienteCodigo,ClienteCodigoSimplificado,ClienteClienteRaiz,ClienteCodigoNumerico,ClientePessoaNome,CasoId,CasoCodigo,CasoCodigoSimplificado,CasoCodigoNumerico,CasoAssunto,CasoProfissionalRevisorId,CasoProfissionalRevisorSigla,CasoProfissionalRevisorPessoaNome,CasoAreaJuridicaId,CasoAreaJuridicaCodigo,CasoAreaJuridicaSigla,CasoAreaJuridicaNome,Contratos,TipoContrato,ValorRecebido,SaldoRecebimentoAnterior,ValorTransferido,ClientFee,ClientFeeAlocado,DespesasEmbutidas,ServicosEmbutidos,SaldoAnterior
AprovacaoDespesaViews	5	expense,payroll,tax,client	Id,Data,ProfissionalId,ProfissionalCodigo,ProfissionalSigla,ProfissionalPessoaNome,ProfissionalPessoaNomeFantasia,PrestacaoContaItemSituacao,ProfissionalRevisorId,ProfissionalRevisorCodigo,ProfissionalRevisorSigla,ProfissionalRevisorPessoaNome,Tipo,TipoPrestacaoContasId,TipoPrestacaoContasCodigo,TipoPrestacaoContasDescricao,Despesa,EscritorioId,EscritorioNome,EscritorioCodigo,GrupoJuridicoId,GrupoJuridicoNome,GrupoJuridicoCodigo,CasoId,CasoCodigo,CasoCodigoSimplificado,CasoCodigoNumerico,CasoAssunto,CasoSituacaoJuridica,CasoClienteId
AreaDeTrabalhoViews	5		Id,PerfilId,ComponenteId,ComponenteFonteLayoutDescricao,PerfilNome,UsuarioInclusao,DataAlteracao,UsuarioAlteracao,DataInclusao
AreaJuridicaViews	5		Id,Codigo,Nome,Sigla,Ativo,DataInativo,Processo,DataInclusao,UsuarioInclusao,DataAlteracao,UsuarioAlteracao,Selecionado
AssuntoCnjViews	5		Id,Descricao,Codigo,ObjetoId,ObjetoDescricao,TipoAcaoId,TipoAcaoDescricao,DataInclusao,UsuarioInclusao,DataAlteracao,UsuarioAlteracao
AssuntoGridViews	1	payroll,tax,client	CasoClienteCodigo,CasoClienteClienteRaiz,CasoClienteCodigoSimplificado,CasoClientePessoaNome,CasoClientePessoaNomeFantasia,CasoCodigo,CasoCodigoSimplificado,CasoId,CasoAssunto,CasoClienteId,NumeroProcesso,ValidarCNJ,NumerosProcesso,TipoAcaoDescricao,TipoAssuntoCodigo,EnvolvidoAtivoPessoaNome,CidadeEstadoSigla,CidadeNome,CidadeId,ForoId,VaraDescricao,VaraId,Situacao,Tipo,ProfissionalCor,CompromissoSituacaoCompromissoSituacao,CompromissoTipoCompromissoCategoriaCompromissoId,CompromissoTipoCompromissoCategoriaCompromissoTipoCategoria,AssuntoPeticionamentoEletronicoEtapa,Importado
AssuntoSearchModalViews	1	client	CasoId,CasoCodigo,CasoCodigoSimplificado,CasoAssunto,CasoClienteId,CasoClienteCodigo,CasoClienteClienteRaiz,CasoClientePessoaNome,NumeroProcesso,NumerosProcesso,Situacao,TipoAcaoId,TipoAcaoDescricao,ExtraData,Id,Selecionado
AssuntoViews	1	payroll,tax,client,amortization	CasoClienteId,CasoClienteCodigo,CasoClientePessoaId,CasoClientePessoaNome,CasoClientePessoaTipo,CasoClienteClienteRaiz,CasoClienteCodigoSimplificado,CasoClienteEBillingEmpresaEbillingDocumentoId,CasoId,CasoCodigo,CasoCodigoSimplificado,CasoAssunto,CasoCasoContratoCodigo,CasoCasoContratoAssunto,CasoCasoMaeAssunto,CasoCasoMaeCodigo,CasoCasoContratoId,ContratoId,ContratoNome,ContratoCodigo,CasoCasoMaeId,CasoSituacaoCadastro,EscritorioId,EscritorioNome,Digital,DataEntrada,AreaJuridicaId,AreaJuridicaNome,SubAreaJuridicaId,SubAreaJuridicaNome
AtoViews	5		Id,Codigo,Descricao,SugestaoDescricao,Situacao,FaseId,FaseDescricao,DataInclusao,UsuarioInclusao,DataAlteracao,UsuarioAlteracao,CadastroPerfilIds,SugestaoValor,QuantPalavrasChave
BancoViews	5		Id,Codigo,Nome,NomeCompleto,BCodigo,DataInclusao,UsuarioInclusao,DataAlteracao,UsuarioAlteracao
CasoAlocacaoViews	5	expense,payroll,tax,client	Id,Codigo,CodigoNumerico,ClienteId,ClienteCodigo,ClienteCodigoNumerico,ClientePessoaNome,ClientePessoaNomeFantasia,ClienteClienteRaiz,ClienteCodigoSimplificado,ClienteSituacao,ClienteEBillingEmpresaEbillingDocumentoId,Assunto,ObservacaoCadastro,EscritorioId,EscritorioCodigo,EscritorioNome,AreaJuridicaId,AreaJuridicaCodigo,AreaJuridicaSigla,AreaJuridicaNome,SubAreaJuridicaId,SubAreaJuridicaCodigo,SubAreaJuridicaSigla,SubAreaJuridicaNome,TabelaServicoId,TabelaServicoCodigo,TabelaServicoSigla,TabelaServicoObservacao,TabelaServicoTipoServicoId
CasoContratoViews	5	client	Id,Codigo,CasoId,ContratoId,ContratoCodigo2,DataInclusao,UsuarioInclusao,DataAlteracao,UsuarioAlteracao,OrigemAlteracao
CasoEmLoteViews	5	payroll,tax,client	Id,CasoId,CasoCodigo,CasoCodigoNumerico,CasoCodigoSimplificado,CasoClienteId,CasoClienteCodigo,CasoClienteClienteRaiz,CasoClienteCodigoSimplificado,CasoClientePessoaNome,CasoClientePessoaNomeFantasia,CasoProfissionalResponsavelId,CasoProfissionalResponsavelCodigo,CasoProfissionalResponsavelSigla,CasoProfissionalResponsavelPessoaNome,CasoProfissionalResponsavelPessoaNomeFantasia,CasoProfissionalRevisorId,CasoProfissionalRevisorSigla,CasoProfissionalRevisorPessoaNome,CasoProfissionalRevisorPessoaNomeFantasia,CasoAssunto,CasoAreaJuridicaId,CasoAreaJuridicaNome,CasoSubAreaJuridicaId,CasoSubAreaJuridicaNome,CasoSituacaoJuridica,CasoTipoCobrancaId,CasoTipoCobrancaDescricao,DataLimite,CasoDataAbertura
CasoFaturamentoViews	5	revenue,invoice,client	CasoId,CasoCodigo,CasoCodigoSimplificado,CasoCodigoNumerico,CasoAssunto,CasoClienteId,CasoClienteCodigo,CasoClienteClienteRaiz,CasoClienteCodigoSimplificado,CasoClienteCodigoNumerico,CasoClientePessoaNome,CasoClientePessoaNomeFantasia,CasoClienteObservacaoFaturamento,ValorBase,ValorLimite,ValorLimiteFatura,ValorDisponivel,TipoCob,ObservacaoFat,MoedaFixo,MoedaLimite
CasoFavoritoViews	5	payroll,tax,client	Id,CasoId,CasoCodigo,CasoCodigoSimplificado,CasoAssunto,CasoCodigoNumerico,CasoSituacaoJuridica,CasoAreaJuridicaId,CasoClienteId,CasoClienteCodigo,CasoClienteCodigoNumerico,CasoClientePessoaNome,CasoClientePessoaNomeFantasia,CasoClienteClienteRaiz,CasoClienteCodigoSimplificado,CasoIdiomaRelatorioIso,CasoIdiomaRelatorioDescricao,CasoClienteUtilizaEBilling,CasoClienteEBillingEmpresaEbillingDocumentoId,ProfissionalId,ProfissionalCodigo,ProfissionalSigla,ProfissionalPessoaNome,ProfissionalPessoaNomeFantasia,DataInclusao,UsuarioInclusao,DataAlteracao,UsuarioAlteracao
CasoMaeFilhoViews	5	expense,client	Id,Codigo,CodigoNumerico,ClienteId,ClienteCodigo,ClienteCodigoNumerico,ClientePessoaNome,ClientePessoaNomeFantasia,ClienteSituacao,ClienteClienteRaiz,ClienteCodigoSimplificado,ClienteEBillingEmpresaEbillingDocumentoId,Assunto,AreaJuridicaId,ObservacaoCadastro,SituacaoJuridica,DataAbertura,DataEncerramento,BloqueiaTimesheet,BloqueiaDespesa,BloqueiaTabelado,SituacaoCadastro,Selecionado,IdiomaRelatorioSigla,IdiomaRelatorioIso,IdiomaRelatorioDescricao,CasoMaeId
CasoParcelasViews	5	payroll,tax,client	Id,Selecionado,CasoId,CasoCodigoNumerico,CasoCodigo,CasoCodigoSimplificado,CasoAssunto,CasoClienteCodigoNumerico,CasoClienteCodigo,CasoClienteClienteRaiz,CasoClienteCodigoSimplificado,CasoClientePessoaNome,CasoClientePessoaNomeFantasia,CasoProfissionalRevisorId,CasoProfissionalRevisorSigla,CasoProfissionalRevisorPessoaNome,CasoAprovarParcelas,Valor,DataVencimento,DataInicial,DataFinal,MoedaId,MoedaCodigo,MoedaSigla,MoedaDescricao,MoedaCasoId,MoedaCasoDescricao,Descricao,NumeroParcela,Tipo
CasoParticipacaoViews	5	client	Id,Codigo,CasoId,TipoOriginacaoId,TipoOriginacaoDescricao,Tipo,PessoaId,PessoaNome,PessoaNomeFantasia,Participacao,DataInicial,DataFinal,Selecionado,DataInclusao,UsuarioInclusao,DataAlteracao,UsuarioAlteracao,Editando
CasoTipoAtividadeViews	5	client	Id,Codigo,CasoId,CasoAssunto,TipoAtividadeId,TipoAtividadeDescricao,DataInclusao,UsuarioInclusao,DataAlteracao,UsuarioAlteracao
CasoTipoDespesaViews	5	expense,client	Id,Codigo,CasoId,CasoAssunto,TipoDespesaId,TipoDespesaDescricao,DataInclusao,UsuarioInclusao,DataAlteracao,UsuarioAlteracao
CasoViews	5	revenue,expense,payroll,tax,invoice,client	Id,Codigo,ClienteCodigoSimplificado,CodigoNumerico,ClienteId,ClienteCodigo,ClienteCodigoNumerico,ClientePessoaNome,ClientePessoaNomeFantasia,ClienteSituacao,ClienteClienteRaiz,ClienteClienteEscritorio,ClienteLoja,ClienteIdiomaRelatorioId,ClienteUtilizaEBilling,Assunto,ObservacaoCadastro,Motivo,MotivoEncerramento,MotivoReabertura,EscritorioId,EscritorioCodigo,EscritorioNome,AreaJuridicaId,AreaJuridicaCodigo,AreaJuridicaSigla,AreaJuridicaNome,SubAreaJuridicaId,SubAreaJuridicaCodigo,SubAreaJuridicaSigla
CasosRevisaoFixoViews	5	client	Id,CasoId,Assunto,Codigo,CodigoSimplificado,CodigoNumerico,ClientePessoaNome,ClientePessoaNomeFantasia,SituacaoJuridica,ClienteId,ClienteCodigo,ClienteCodigoSimplificado,ClienteCodigoNumerico,DataEncerramento,IdiomaRelatorioDescricao,IdiomaRelatorioIso,ClienteClienteRaiz
CategoriaMovimentacaoFinanceiraViews	4		Id,Titulo,Nome,ExibirDetalhe,Tipo,DataInclusao,UsuarioInclusao,DataAlteracao,UsuarioAlteracao
CategoriaViews	5	budget	Id,Codigo,Nome,Sigla,MetaPadrao,Tecnico,Ativo,LimiteHoras,PeriodoConcessivo,DiasPermitidos,MetaHoras,DataInclusao,UsuarioInclusao,DataAlteracao,UsuarioAlteracao,Selecionado
ChamadaViews	5		Id,ServicoWebId,ServicoWebNome,Nome,Url,ParametroUrl,EstruturaChamada,EstruturaResposta,TipoRetorno,VersaoEstrutra,IgnorarArray,MetodoWsdl,RespostaWsdl,Culture,DataInclusao,UsuarioInclusao,DataAlteracao,UsuarioAlteracao
CidadeViews	5		Id,Codigo,Nome,PaisId,PaisNome,EstadoId,EstadoNome,EstadoSigla,Tipo,Ativo,ChaveCnj,CodigoTotvs,DataInclusao,UsuarioInclusao,DataAlteracao,UsuarioAlteracao
CivelAssuntoViews	1	payroll,tax,client	CasoClienteId,CasoClienteCodigo,CasoClientePessoaId,CasoClientePessoaNome,CasoClientePessoaTipo,CasoClienteClienteRaiz,CasoClienteCodigoSimplificado,CasoClienteEBillingEmpresaEbillingDocumentoId,CasoId,CasoCodigo,CasoCodigoSimplificado,CasoAssunto,CasoCasoContratoCodigo,CasoCasoContratoAssunto,CasoCasoMaeAssunto,CasoCasoMaeCodigo,ContratoId,ContratoNome,ContratoCodigo,CasoCasoContratoId,CasoCasoMaeId,CasoSituacaoCadastro,EscritorioId,EscritorioNome,DataEntrada,AreaJuridicaId,AreaJuridicaNome,SubAreaJuridicaId,SubAreaJuridicaNome,Tipo
ClasseCnjViews	5		Id,Descricao,Codigo,TipoAcaoId,TipoAcaoDescricao,RitoId,RitoDescricao,AreaJuridicaId,AreaJuridicaNome,DataInclusao,UsuarioInclusao,DataAlteracao,UsuarioAlteracao
ClassificacaoBairroViews	5		Id,Codigo,Descricao,CodigoPrefeitura,DataInclusao,UsuarioInclusao,DataAlteracao,UsuarioAlteracao
ClienteCrystalViews	5	revenue,payroll,tax,invoice,client	Id,Existente,Codigo,CodigoNumerico,PessoaId,PessoaTipo,PessoaCnpjCpf,PessoaNome,PessoaNomeFantasia,PessoaNomeFantasiaOriginal,Situacao,DataAbertura,DataEncerramento,TipoCliente,SituacaoCadastro,ClienteEscritorio,PessoaInscricaoEstadual,PessoaInscricaoMunicipal,UtilizaEBilling,EBillingEmpresaId,EBillingEmpresaDescricao,EBillingEmpresaEbillingDocumentoId,ProfissionalResponsavelId,ProfissionalResponsavelCodigo,ProfissionalResponsavelSigla,ProfissionalResponsavelPessoaNome,MoedaId,MoedaSigla,TabelaServicoId,TabelaServicoSigla
ClienteEmLoteViews	5	payroll,tax,client	Id,ClienteId,ClienteCodigo,ClienteCodigoSimplificado,ClienteClienteRaiz,ClientePessoaNome,ClientePessoaNomeFantasia,ClienteProfissionalResponsavelId,ClienteProfissionalResponsavelSigla,ClienteProfissionalResponsavelPessoaNome,ClienteProfissionalResponsavelPessoaNomeFantasia,QuantidadeCasosAtivos,QuantidadeCasos,ClienteSituacao,DataLimite,ClienteDataAbertura,ClienteDataEncerramento,QuantidadeDias,Selecionado
ClientePagadorViews	5	client	Id,PessoaExistente,ContatoExistente,EnderecoExistente,PadraoCliente,PessoaNome,Codigo,CodigoPagador,ClienteId,ClienteCodigoNumerico,ClienteClienteRaiz,PessoaTipo,PessoaCnpjCpf,PessoaInscricaoEstadual,PessoaInscricaoMunicipal,PessoaEnderecoPagadorPessoaNome,PessoaEnderecoPagadorTelefone,PessoaEnderecoPagadorCelular,PessoaEnderecoPagadorFax,PessoaEnderecoPagadorEmail,PessoaEnderecoPagadorLogradouro,PessoaEnderecoPagadorNumero,PessoaEnderecoPagadorComplemento,PessoaEnderecoPagadorBairro,PessoaEnderecoPagadorPaisId,PessoaEnderecoPagadorEstadoId,PessoaEnderecoPagadorCidadeId,PessoaEnderecoPagadorPaisNome,PessoaEnderecoPagadorEstadoNome,PessoaEnderecoPagadorCidadeNome
ClienteViews	5	revenue,payroll,tax,invoice,client	Id,Existente,Codigo,CodigoNumerico,PessoaId,PessoaTipo,PessoaCnpjCpf,PessoaNome,PessoaNomeFantasia,PessoaNomeFantasiaOriginal,Situacao,DataAbertura,DataEncerramento,TipoCliente,SituacaoCadastro,ClienteEscritorio,PessoaInscricaoEstadual,PessoaInscricaoMunicipal,UtilizaEBilling,EBillingEmpresaId,EBillingEmpresaDescricao,EBillingEmpresaEbillingDocumentoId,EBillingEmpresaEbillingDocumentoEBillingFasePadraoId,EBillingEmpresaEbillingDocumentoEBillingFasePadraoDescricao,EBillingEmpresaEbillingDocumentoEbillingTarefaPadraoId,EBillingEmpresaEbillingDocumentoEbillingTarefaPadraoDescricao,EBillingEmpresaEbillingDocumentoEbillingAtividadePadraoId,EBillingEmpresaEbillingDocumentoEbillingAtividadePadraoCodigo,EBillingEmpresaEbillingDocumentoEbillingAtividadePadraoDescricao,ProfissionalResponsavelId
ClientesRevisaoFixoViews	5	client	Id,ClienteId,Codigo,CodigoNumerico,PessoaNome,PessoaNomeFantasia,Situacao,ClienteRaiz,CodigoSimplificado
ComarcaViews	5		Id,Codigo2,PaisId,PaisNome,EstadoId,EstadoNome,EstadoSigla,Ativo,Tipo,Nome,ChaveCnj,CodigoTotvs,DataInclusao,UsuarioInclusao,DataAlteracao,UsuarioAlteracao
ComponenteUsuarioViews	5		Id,UsuarioId,ComponenteId,PerfilId
ComponenteViews	5		FonteLayoutDescricao,Id
CompromissoResponsavelViews	1	expense,payroll,tax	ProfissionalId,ProfissionalSigla,ProfissionalPessoaNome,ProfissionalDataSaida,IdCompromissoOutlook,TipoResponsabilidadeId,TipoResponsabilidadeDescricao,TipoResponsabilidadePrincipal,TipoResponsabilidadeTipo,Editando,ProfissionalPessoaNomeFantasia,DataInclusao,UsuarioInclusao,DataAlteracao,UsuarioAlteracao,Id,CompromissoId,ProfissionalCodigo
CompromissoViews	1	expense,payroll,tax,client	AssuntoCasoClienteId,AssuntoCasoId,AssuntoId,AssuntoPoloAtivoPrincipal,AssuntoPoloPassivoPrincipal,AssuntoCorrespondenteId,AssuntoValidarCNJ,DesdobramentoId,DesdobramentoTipoAcaoDescricao,DesdobramentoNumeroProcesso,DesdobramentoValidarCNJ,TipoCompromissoId,TipoCompromissoDescricao,TipoCompromissoSugestaoDescricao,TipoCompromissoSituacaoOutlook,Data,Hora,Duracao,SituacaoCompromissoId,SituacaoCompromissoDescricao,SituacaoCompromissoExcluirLembreteOutlook,Descricao,AssuntoUltimoAndamentoFaseDescricao,DataConclusao,UsuarioConclusao,Id,IdentificadorDoAssunto,AssuntoCidadeNome,AssuntoCidadeId,ExtraData
CondicaoPagamentoViews	5	expense	Id,Codigo,Descricao,Ativo,DataInclusao,UsuarioInclusao,DataAlteracao,UsuarioAlteracao
ConfiguracaoAssuntoViews	3		Id,Nome,Configuracao,DataInclusao,UsuarioInclusao,DataAlteracao,UsuarioAlteracao
ConfiguracaoUsuarioViews	1	payroll,tax	Id,LicencaId,PreferenciaId,UsuarioId,UsuarioNome,ProfissionalSigla,ProfissionalCodigo,Nome,Valor,DataInclusao,UsuarioInclusao,DataAlteracao,UsuarioAlteracao,Selecionado,PreferenciaOpcaoUsuario,PreferenciaDescricao,ExtraData
ConsultivoAssuntoGridViews	1	payroll,tax,client	CasoClienteCodigo,CasoClienteCodigoSimplificado,CasoClientePessoaNome,CasoCodigo,CasoCodigoSimplificado,CasoAssunto,NomeConsulta,ObjetoDescricao,ObjetoId,Situacao,Tipo,ProfissionalCor,CompromissoSituacaoCompromissoSituacao,CompromissoTipoCompromissoCategoriaCompromissoId,CompromissoTipoCompromissoCategoriaCompromissoTipoCategoria,AssuntoPeticionamentoEletronicoEtapa,Importado,Pasta,DataEntrada,DataInclusao,UsuarioInclusao,DataAlteracao,UsuarioAlteracao,Codigo,CasoCasoContratoId,CasoCasoMaeId,CasoSituacaoCadastro,Id,CasoClienteCodigoNumerico,CasoCodigoNumerico
ConsultivoAssuntoViews	1	payroll,tax,client	CasoClienteId,CasoClienteCodigo,CasoClientePessoaId,CasoClientePessoaNome,CasoClientePessoaTipo,CasoClienteClienteRaiz,CasoClienteCodigoSimplificado,CasoClienteEBillingEmpresaEbillingDocumentoId,CasoId,CasoCodigo,CasoCodigoSimplificado,CasoAssunto,CasoCasoContratoCodigo,CasoCasoContratoAssunto,CasoCasoMaeAssunto,CasoCasoMaeCodigo,ContratoId,ContratoNome,ContratoCodigo,CasoCasoContratoId,CasoCasoMaeId,CasoSituacaoCadastro,EscritorioId,EscritorioNome,DataEntrada,AreaJuridicaId,AreaJuridicaNome,SubAreaJuridicaId,SubAreaJuridicaNome,Tipo
ConsultivoCompromissoViews	1	expense,payroll,tax,client	AssuntoCasoClienteId,AssuntoCasoId,AssuntoId,TipoCompromissoId,TipoCompromissoDescricao,TipoCompromissoSituacaoOutlook,Data,Hora,Duracao,SituacaoCompromissoId,SituacaoCompromissoDescricao,SituacaoCompromissoExcluirLembreteOutlook,Descricao,AssuntoTipo,AssuntoProfissionalCor,TipoCompromissoTipo,TipoCompromissoCategoriaCompromissoTipoCategoria,DataConclusao,UsuarioConclusao,Id,IdentificadorDoAssunto,AssuntoCidadeNome,ExtraData,AssuntoCasoClientePessoaNomeFantasia,SituacaoCompromissoSituacao,AssuntoSituacao,TipoCompromissoObrigaHora,DataAlteracao,UsuarioAlteracao,AssuntoTipoAssuntoCodigo
ContratoViews	5	client	Id,Nome,ClienteId,ClienteCodigo,ClienteCodigoSimplificado,ClienteClienteRaiz,ClientePessoaNome,ClientePessoaNomeFantasia,TipoCobrancaDescricao,SugereLd,Situacao,Codigo2,Ativo,Codigo
ContratosAssuntoGridViews	1	payroll,tax,client	CasoClienteCodigo,CasoClienteCodigoSimplificado,CasoClientePessoaNome,CasoCodigo,CasoCodigoSimplificado,CasoAssunto,Situacao,Tipo,ProfissionalCor,CompromissoSituacaoCompromissoSituacao,CompromissoTipoCompromissoCategoriaCompromissoId,CompromissoTipoCompromissoCategoriaCompromissoTipoCategoria,AssuntoPeticionamentoEletronicoEtapa,Identificador,NumeroRegistro,VigenciaInicio,VigenciaTermino,Importado,Pasta,DataEntrada,DataInclusao,UsuarioInclusao,DataAlteracao,UsuarioAlteracao,Codigo,CasoCasoContratoId,CasoCasoMaeId,CasoSituacaoCadastro,Id,CasoClienteCodigoNumerico
ContratosAssuntoViews	1	payroll,tax,client,amortization	CasoClienteId,CasoClienteCodigo,CasoClientePessoaId,CasoClientePessoaNome,CasoClientePessoaTipo,CasoClienteClienteRaiz,CasoClienteCodigoSimplificado,CasoClienteEBillingEmpresaEbillingDocumentoId,CasoId,CasoCodigo,CasoCodigoSimplificado,CasoAssunto,CasoCasoContratoCodigo,CasoCasoContratoAssunto,CasoCasoMaeAssunto,CasoCasoMaeCodigo,ContratoId,ContratoNome,ContratoCodigo,CasoCasoContratoId,CasoCasoMaeId,CasoSituacaoCadastro,EscritorioId,EscritorioNome,DataEntrada,AreaJuridicaId,AreaJuridicaNome,SubAreaJuridicaId,SubAreaJuridicaNome,Tipo
ContratosCompromissoViews	1	expense,payroll,tax,client	AssuntoCasoClienteId,AssuntoCasoId,AssuntoId,TipoCompromissoId,TipoCompromissoDescricao,TipoCompromissoSituacaoOutlook,Data,Hora,Duracao,SituacaoCompromissoId,SituacaoCompromissoDescricao,SituacaoCompromissoExcluirLembreteOutlook,Descricao,AssuntoTipo,AssuntoProfissionalCor,TipoCompromissoTipo,TipoCompromissoCategoriaCompromissoTipoCategoria,DataConclusao,UsuarioConclusao,Id,AssuntoCidadeNome,ExtraData,AssuntoCasoClientePessoaNomeFantasia,SituacaoCompromissoSituacao,AssuntoSituacao,TipoCompromissoObrigaHora,DataAlteracao,UsuarioAlteracao,AssuntoTipoAssuntoCodigo,AssuntoNumeroProcesso
CorrespondenteAdvogadoViews	1		Id,Nome,CorrespondenteId
CorrespondenteViews	1	payroll,tax,client	Id,Existente,Codigo,PessoaId,PessoaTipo,PessoaCnpjCpf,PessoaNome,PessoaNomeFantasia,PessoaNomeFantasiaOriginal,PessoaEmpresasCount,PessoaClientesCount,PessoaEnvolvidosCount,PessoaJuizCount,PessoaProfissionaisCount,PessoaPrepostosCount,ValidaNovo,FornecedorId,DataInclusao,UsuarioInclusao,DataAlteracao,UsuarioAlteracao,Usuario,Email,Limite,PerfilId,Senha,UsuarioEnviado,AssuntosCount
CriminalAssuntoGridViews	1	payroll,tax,client	CasoClienteCodigo,CasoClienteCodigoSimplificado,CasoClientePessoaNome,CasoCodigo,CasoCodigoSimplificado,CasoAssunto,NumeroProcesso,ValidarCNJ,NumerosProcesso,DetalhamentoObjeto,NumeroInquerito,CidadeEstadoSigla,CidadeNome,CidadeId,ForoId,VaraDescricao,VaraId,Situacao,Tipo,ProfissionalCor,CompromissoSituacaoCompromissoSituacao,CompromissoTipoCompromissoCategoriaCompromissoId,CompromissoTipoCompromissoCategoriaCompromissoTipoCategoria,AssuntoPeticionamentoEletronicoEtapa,TipoAcaoId,DecisaoId,CorrespondenteId,Importado,DataEntrada,DataInclusao
CriminalAssuntoViews	1	payroll,tax,client	CasoClienteId,CasoClienteCodigo,CasoClientePessoaId,CasoClientePessoaNome,CasoClientePessoaTipo,CasoClienteClienteRaiz,CasoClienteCodigoSimplificado,CasoClienteEBillingEmpresaEbillingDocumentoId,CasoId,CasoCodigo,CasoCodigoSimplificado,CasoAssunto,CasoCasoContratoCodigo,CasoCasoContratoAssunto,CasoCasoMaeAssunto,CasoCasoMaeCodigo,ContratoId,ContratoNome,ContratoCodigo,CasoCasoContratoId,CasoCasoMaeId,CasoSituacaoCadastro,EscritorioId,EscritorioNome,DataEntrada,AreaJuridicaId,AreaJuridicaNome,SubAreaJuridicaId,SubAreaJuridicaNome,Tipo
CultureViews	248		Id,Name
DicionarioModeloTelaViews	1		Id,DicionarioTabelaId,DicionarioTabelaNome,DicionarioTabelaDescricao,PerfilId,PerfilNome,Contexto,Campos,UsuarioInclusao,DataInclusao,DataAlteracao,UsuarioAlteracao,TipoAssuntoId
DicionarioSensivelViews	5		Id,ModeloTelaId,ModeloTelaTitulo,Campo,PerfilId,PerfilNome,PerfilCodigo,Ativo,Padrao,Contexto,TipoAssuntoId,TipoAssuntoNome,ValorSubs,DataInclusao,UsuarioInclusao,DataAlteracao,UsuarioAlteracao
EmpresaClienteViews	1	client	Id,EmpresaJuridicoId,EmpresaJuridicoPessoaId,EmpresaJuridicoPessoaNome,EmpresaJuridicoPessoaCnpjCpf,EmpresaJuridicoPessoaTipo,Codigo,ClienteId,ClientePessoaNome,ClienteCodigo,ClienteCodigoSimplificado,ClienteClienteRaiz,DataInclusao,UsuarioInclusao,DataAlteracao,UsuarioAlteracao
EmpresaJuridicoViews	1	payroll,tax,client	Id,Existente,Codigo,EmpresaClienteClientePessoaNome,PessoaId,PessoaManutencaoDbm,PessoaTipo,PessoaCnpjCpf,PessoaNome,PessoaNomeFantasia,PessoaNomeFantasiaOriginal,GrupoEmpresaJuridicoId,GrupoEmpresaJuridicoNome,PessoaClientesCount,PessoaCorrespondentesCount,PessoaJuizCount,PessoaProfissionaisCount,PessoaPrepostosCount,PessoaEnvolvidosCount,ValidaNovo,DataInclusao,UsuarioInclusao,DataAlteracao,UsuarioAlteracao,VinculadosId
EmpresaViews	1		Id,Codigo,RazaoSocial,NomeFantasia,Site,Virtual,DataInclusao,UsuarioInclusao,DataAlteracao,UsuarioAlteracao
EscritorioViews	2		Id,Codigo,Nome,Ativo,DataInativo,EmpresaId,EmpresaNomeFantasia,EmpresaCodigo,EmpresaRazaoSocial,DataInclusao,UsuarioInclusao,DataAlteracao,UsuarioAlteracao,Selecionado,Sigla,Virtual
EstadoViews	5		Id,Codigo,Nome,Sigla,PaisId,PaisNome,DataInclusao,UsuarioInclusao,DataAlteracao,UsuarioAlteracao
ExcecaoRevisorCasoViews	5	payroll,tax,client	Id,ProfissionalId,ProfissionalSigla,ProfissionalPessoaNome,DataTermino,CasoClienteId,CasoClienteCodigo,CasoClienteClienteRaiz,CasoClienteCodigoSimplificado,CasoClienteCodigoNumerico,CasoClientePessoaNome,CasoClientePessoaNomeFantasia,CasoId,CasoCodigo,CasoCodigoSimplificado,CasoCodigoNumerico,CasoAssunto,CasoSituacaoJuridica,UsuarioInclusao,DataAlteracao,UsuarioAlteracao,DataInclusao
ExportacaoModeloColunaViews	5		Id,ExportacaoModeloId,Model,PropertyName,ParentJoins,Display,Position,DataInclusao,UsuarioInclusao,DataAlteracao,UsuarioAlteracao
ExportacaoModeloPerfilViews	5		Id,ExportacaoModeloId,PerfilId,DataInclusao,UsuarioInclusao,DataAlteracao,UsuarioAlteracao
FaseViews	5		Id,Codigo,Descricao,Prioridade,DataInclusao,UsuarioInclusao,DataAlteracao,UsuarioAlteracao,CadastroPerfilIds
FaturaCasoViews	5	revenue,expense,tax,invoice,client	Id,FaturaId,FaturaEscritorioId,FaturaNumero,FaturaRazaoSocial,FaturaDataEmissao,FaturaDataCancelamento,FaturaSituacao,CasoId,CasoClienteCodigoNumerico,CasoClienteClienteRaiz,CasoClienteCodigoSimplificado,CasoClientePessoaNome,CasoCodigo,CasoCodigoSimplificado,CasoCodigoNumerico,CasoAssunto,CoeficienteHonorarios,CoeficienteDespesas,PercentualExitoCaso,ValorDespesasTributaveis,CasoFatId,CasoFatClienteCodigoNumerico,CasoFatClientePessoaNome,CasoFatCodigo,CasoFatCodigoNumerico,CasoFatAssunto,Codigo,Redacao
FaturaRedacaoViews	5	revenue,expense,payroll,tax,invoice,client	Id,Numero,EscritorioId,EscritorioNome,Tipo,MoedaDescricao,Situacao,DataEmissao,DataVencimento,DataCancelamento,DataRefInicialHon,DataRefFinalHon,CobHonorarios,ValorHonorarios,ValorDesconto,ValorDespesas,PaisNome,EstadoNome,CidadeNome,ProfissionalResponsavelId,ProfissionalResponsavelPessoaNome,ProfissionalResponsavelSigla,RazaoSocial,ValorDespesasTributaveis,SituacaoRateio,DataInclusao,UsuarioInclusao,DataAlteracao,UsuarioAlteracao,Codigo
FaturaViews	5	revenue,expense,payroll,tax,invoice,client	Id,Numero,EscritorioId,EscritorioNome,Tipo,MoedaDescricao,Situacao,DataEmissao,DataVencimento,DataCancelamento,DataRefInicialHon,DataRefFinalHon,CobHonorarios,ValorHonorarios,ValorDesconto,ValorDespesas,PaisNome,EstadoNome,CidadeNome,ProfissionalResponsavelId,ProfissionalResponsavelPessoaNome,ProfissionalResponsavelSigla,RazaoSocial,ValorDespesasTributaveis,SituacaoRateio,DataInclusao,UsuarioInclusao,DataAlteracao,UsuarioAlteracao,Codigo
FaturamentoOcorrenciaDicionarioViews	5	revenue,invoice	Id,CampoProtheus,CampoLegalDesk,Entidade,Configuracao,Codigo,DataInclusao,UsuarioInclusao,DataAlteracao,UsuarioAlteracao
FeriadoViews	5		Id,Codigo,Descricao,EscritorioId,EscritorioNome,EscritorioCodigo,Tipo,Data,QuantidadeHoras,Ano,Mes,Dia,DataInclusao,UsuarioInclusao,DataAlteracao,UsuarioAlteracao
FonteLayoutViews	5		Descricao,Id
FornecedorContaViews	5		Id,FornecedorId,FornecedorPessoaNome,BancoNome,BancoId,BancoBCodigo,Agencia,Conta,Ativo,UsuarioInclusao,DataAlteracao,UsuarioAlteracao,DataInclusao,Codigo
FornecedorEnderecoViews	5		PessoaEnderecoPessoaNome,PessoaEnderecoPessoaId,PessoaEnderecoPessoaCnpjCpf,PessoaEnderecoCelular,PessoaEnderecoTelefone,PessoaEnderecoEmail,PessoaEnderecoFax,PessoaEnderecoLogradouro,PessoaEnderecoNumero,PessoaEnderecoCEP,PessoaEnderecoComplemento,PessoaEnderecoBairro,PessoaEnderecoPaisId,PessoaEnderecoEstadoId,PessoaEnderecoEstadoNome,PessoaEnderecoCidadeId,PessoaEnderecoCidadeNome,PessoaEnderecoTipoLogradouroId,PessoaEnderecoTipoLogradouroDescricao,PessoaEnderecoClassificacaoBairroId,PessoaEnderecoClassificacaoBairroDescricao,Id
FornecedorViews	5	expense	Id,PessoaId,PessoaNome,PessoaNomeFantasia,PessoaTipo,Existente,PessoaCnpjCpf,MeioPagamentoId,MeioPagamentoDescricao,Ativo,UsuarioInclusao,DataAlteracao,UsuarioAlteracao,DataInclusao,Codigo,ValidaNovo
ForoViews	5		Id,Codigo,CidadeId,CidadeCodigo2,CidadeNome,CidadeEstadoSigla,Descricao,Instancia,Endereco,Ativo,TribunalId,TribunalNome,ChaveCnj,DataInclusao,UsuarioInclusao,DataAlteracao,UsuarioAlteracao,CadastroPerfilIds
GerencialDemonstrativoViews	5		Id,Descricao
GrupoEmpresaJuridicoViews	1		Id,LicencaId,Codigo,Nome,GrupoPaiId,GrupoPaiNome,DataInclusao,UsuarioInclusao,DataAlteracao,UsuarioAlteracao
GrupoEmpresaViews	4		Id,LicencaId,Codigo,Nome,DataInclusao,UsuarioInclusao,DataAlteracao,UsuarioAlteracao
GrupoJuridicoProfissionalViews	1	payroll,tax	Id,Codigo,ProfissionalId,EscritorioId,EscritorioNome,EscritorioCodigo,GrupoJuridicoId,GrupoJuridicoNome,GrupoJuridicoCodigo,DataInclusao,UsuarioInclusao,DataAlteracao,UsuarioAlteracao
GrupoJuridicoRelatViews	5	payroll,tax	Id,Codigo,EscritorioId,EscritorioNome,EscritorioCodigo,Nome,Sigla,ProfissionalId,ProfissionalPessoaNome,ProfissionalSigla,ProfissionalCodigo,Ativo,DataInativo,EmailGrupo,DataInclusao,UsuarioInclusao,DataAlteracao,UsuarioAlteracao,Selecionado
GrupoJuridicoViews	5	payroll,tax	Id,Codigo,EscritorioId,EscritorioNome,EscritorioCodigo,Nome,NomePadrao,Sigla,ProfissionalId,ProfissionalPessoaNome,ProfissionalSigla,ProfissionalCodigo,Ativo,DataInativo,EmailGrupo,Virtual,DataInclusao,UsuarioInclusao,DataAlteracao,UsuarioAlteracao,Selecionado
GrupoMaterialViews	5		Id,Codigo,Descricao,DataInclusao,UsuarioInclusao,DataAlteracao,UsuarioAlteracao
GrupoTrabalhoProfissionalViews	5	expense,payroll,tax	Id,Codigo,GrupoTrabalhoId,GrupoTrabalhoNome,ProfissionalId,ProfissionalPessoaNome,ProfissionalPessoaNomeFantasia,ProfissionalSigla,ProfissionalDataSaida,ProfissionalGrupoJuridicoNome,ProfissionalCategoriaNome,Tipo,GrupoTrabalhoGrupoOportunidades,DataInclusao,UsuarioInclusao,DataAlteracao,UsuarioAlteracao
GrupoTrabalhoViews	1	expense,payroll	Id,Nome,RespInclui,RespAltera,RespExclui,RespVisual,GrupoInclui,GrupoAltera,GrupoExclui,GrupoTimesheet,GrupoDespesa,GrupoAgenda,GrupoOportunidades,GrupoAssuntoJuridico,GrupoControlePrazo,GrupoRh,GrupoAgendFerias
HonorarioCategoriaHistoricoViews	5	revenue,payroll	Id,Codigo,HonorarioHistoricoId,CategoriaId,CategoriaNome,ValorHora,HonorarioHistoricoSigla,HonorarioHistoricoAnoMesInicial,HonorarioHistoricoAnoMesFinal,DataInclusao,UsuarioInclusao,DataAlteracao,UsuarioAlteracao
HonorarioHistoricoViews	5	revenue	Id,Codigo,AnoMesInicial,AnoMesFinal,Sigla,MoedaId,MoedaCodigo,MoedaSigla,MoedaDescricao,Observacao,DataInclusao,UsuarioInclusao,DataAlteracao,UsuarioAlteracao,HonorarioId,HonorarioSigla
HonorarioViews	5	revenue	Id,Sigla,MoedaId,MoedaCodigo,MoedaSigla,MoedaDescricao,Observacao,Codigo,DataInclusao,UsuarioInclusao,DataAlteracao,UsuarioAlteracao
IdiomaTipoAtividadeViews	5		Id,Codigo,IdiomaId,IdiomaDescricao,TipoAtividadeId,TipoAtividadeDescricao,TipoAtividadeCodigo,Descricao,DescricaoPadrao,DataInclusao,UsuarioInclusao,DataAlteracao,UsuarioAlteracao
IdiomaTipoDespesaViews	5	expense	Id,Codigo,TipoDespesaId,TipoDespesaDescricao,TipoDespesaLocalidade,IdiomaId,IdiomaDescricao,Descricao,DescricaoPadrao,DataInclusao,UsuarioInclusao,DataAlteracao,UsuarioAlteracao,IdiomaIso,TipoDespesaDescricaoPadrao,TipoDespesaAtivo,TipoDespesaCodigo,TipoDespesaValorUnitario
IdiomaViews	2	revenue,invoice	Id,Codigo,Sigla,Iso,Descricao,Faturamento,DataInclusao,UsuarioInclusao,DataAlteracao,UsuarioAlteracao
IetfViews	417		Id,Tag,Name
ImportacaoPublicacaoLayoutViews	2		Descricao,Xsl,DataInclusao,UsuarioInclusao,DataAlteracao,UsuarioAlteracao,Id
IndiceViews	4		Id,FormulaValorAtualizado,Descricao,AtualizaAutomaticamente,Codigo,DataInclusao,UsuarioInclusao,DataAlteracao,UsuarioAlteracao
JuroViews	3		Id,Formula,Descricao,Codigo,DataInclusao,UsuarioInclusao,DataAlteracao,UsuarioAlteracao
LancamentoFinanceiroViews	5	amortization	Id,DataInclusao,UsuarioInclusao,DataAlteracao,UsuarioAlteracao
LayoutJsonViews	1		Id,Descricao,Json,ViewModel,DataInclusao,UsuarioInclusao,DataAlteracao,UsuarioAlteracao
LocalizacaoCnjViews	5		Id,ChaveCnj,Tipo,LicencaId
LogSistemaViews	5	budget	Id,DescricaoTarefa,NomeTarefa,Origem,DataInclusao,SituacaoTarefa
MailServidorViews	1		Id,Nome,EmailOrigem,Host,Porta,Username,Password,AutenticacaoSSL,AutenticacaoTLS,EmailHtml,DataInclusao,UsuarioInclusao,DataAlteracao,UsuarioAlteracao
MeioPagamentoViews	5	expense	Id,Sigla,Descricao,Ativo,Tipo,UsuarioInclusao,DataAlteracao,UsuarioAlteracao,DataInclusao
MenuFavoritoViews	5		Id,MenuId,UsuarioId
MenuPerfilViews	5		Id,MenuId,MenuGrupo,MenuTitulo,Titulo,Ordem,PerfilId
MenuViews	5		Id,Nome,Titulo,Grupo
MetaReceitaViews	5	revenue,budget	Id,DataAnoMes,AnoMes,EscritorioId,GrupoJuridicoId,Valor,Tipo,EscritorioNome,GrupoJuridicoNome,DataInclusao,UsuarioInclusao,DataAlteracao,UsuarioAlteracao,Codigo
ModeloTelaAcaoViews	5		Id,Acao,Descricao,ModeloTelaId
ModeloTelaViews	5		Id,Titulo,NomeView,PrincipalId,Tipo
ModeloViews	5		Id,NomeModel
MoedaViews	3		Id,Codigo,Sigla,Descricao,Tipo,Periodicidade,Ativo,DataInclusao,UsuarioInclusao,DataAlteracao,UsuarioAlteracao
MotivoEncerramentoViews	3		Id,Codigo,Descricao,SugestaoDescricao,DataInclusao,UsuarioInclusao,DataAlteracao,UsuarioAlteracao,CadastroPerfilIds
MotivoEscolhaViews	4		Id,Codigo,Descricao,DataInclusao,UsuarioInclusao,DataAlteracao,UsuarioAlteracao
MotivoPerdaViews	3		Id,Descricao,Ativo,DataInclusao,UsuarioInclusao,DataAlteracao,UsuarioAlteracao
MotivoReprovacaoViews	3		Id,Descricao,Ativo,DataInclusao,UsuarioInclusao,DataAlteracao,UsuarioAlteracao
MovimentacaoFinanceiraAbaViews	3		Id,AssuntoId,Movimentacao,Valor,ValorAtualizado,SiglaMoeda,Titulo
MovimentacaoViews	3		Id,Codigo,Descricao,Disponivel,DataInclusao,UsuarioInclusao,DataAlteracao,UsuarioAlteracao
NaturezaViews	5		Id,Codigo,Descricao,Judicial,Administrativa,DataInclusao,UsuarioInclusao,DataAlteracao,UsuarioAlteracao,CadastroPerfilIds
NovaDespesaPreFaturaViews	5	revenue,expense,invoice,client	Id,CasoId,CasoCodigo,CasoCodigoSimplificado,CasoCodigoNumerico,CasoAssunto,CasoCasoMaeId,Codigo,Data,TipoDespesaId,TipoDespesaCobravel,MoedaId,MoedaSigla,Valor,ValorNacional,SolicitanteId,SolicitantePessoaNome,SolicitanteSigla,SolicitanteCodigo,Descricao,Situacao,EmpresaId,Cobravel,PreFaturaId
NovoTimesheetPreFaturaViews	5	revenue,payroll,tax,invoice,client	Id,Codigo,ClienteId,ClienteCodigo,ClienteCodigoSimplificado,ClientePessoaNome,CasoId,CasoCodigo,CasoCodigoSimplificado,CasoAssunto,CasoMaeId,TipoAtividadeId,Data,DataInclusao,UsuarioInclusao,DataAlteracao,UsuarioAlteracao,ProfissionalRevisadoPessoaNome,ProfissionalRevisadoSigla,HoraTrabalhada,HoraRevisada,Descricao,Cobravel,ProfissionalRevisadoId
ObjetoViews	5		Id,Codigo,Descricao,Esfera,DataInclusao,UsuarioInclusao,DataAlteracao,UsuarioAlteracao,CadastroPerfilIds
OrcamentoViews	5	budget	Id,EmpresaId,EscritorioNome,EscritorioId,GrupoJuridicoNome,GrupoJuridicoId,PlanoContasId,PlanoContasTitulo,PlanoContasContaFinanceira,AnoMes,MoedaSigla,MoedaId,Valor,DataInclusao,UsuarioInclusao,DataAlteracao,UsuarioAlteracao,Codigo
OrdemViews	5		Id,RotinaId,RotinaDescricao,ChamadaId,ChamadaNome,OrdemExecucao,DataInclusao,UsuarioInclusao,DataAlteracao,UsuarioAlteracao
PaisViews	5		Id,Codigo,Nome,Sigla,TemEstados,DataInclusao,UsuarioInclusao,DataAlteracao,UsuarioAlteracao
ParametroServicoViews	5		Id,ChamadaId,ChamadaNome,NomeDe,NomePara,TipoDe,TipoPara,TipoParametro,Descricao,Mascara,Valor,DataInclusao,UsuarioInclusao,DataAlteracao,UsuarioAlteracao
ParametrosViews	5		Id,Nome,Descricao,Valor,AnoMesInicial,AnoMesFinal,DataInclusao,UsuarioInclusao,DataAlteracao,UsuarioAlteracao
PendenciasDiariaViews	5	payroll,tax,client	Id,IdEntidade,CasoId,ProfissionalId,CasoClienteId,CasoClienteCodigo,CasoClienteClienteRaiz,CasoClienteCodigoSimplificado,CasoIdiomaRelatorioIso,CasoClienteEBillingEmpresaEbillingDocumentoId,CasoClientePessoaNomeFantasia,CasoCodigo,CasoCodigoSimplificado,CasoAssunto,Excluido,TipoPendencia,Texto1,Texto2,Texto3,Texto4,Texto5,Texto6,Tipo1,Valor1,Data1,DataPendencia,DataInclusao,UsuarioInclusao,DataAlteracao,UsuarioAlteracao
PerfilRuleViews	1		Id,PerfilId,PerfilNome,IdRule,ModeloTelaId,ModeloTelaTitulo,RuleAction,Ativo,Rodar,DataInclusao,UsuarioInclusao,DataAlteracao,UsuarioAlteracao
PerfilViews	5	expense	Id,Nome,Consulta,Nivel,DataInclusao,UsuarioInclusao,DataAlteracao,UsuarioAlteracao,Codigo,Tipo,Aclcustom,UsuarioNome,ExtraData
PeriodoModuloViews	5		Id,AnoMes,Modulo,Situacao,Recalcular,Observacao,DataInclusao,UsuarioInclusao,DataAlteracao,UsuarioAlteracao,Codigo
PesquisaPublicacaoViews	1	client	LicencaId,AssuntoId,DesdobramentoId,Tipo,TipoAcao,CasoCodigo,CasoCodigoSimplificado,CasoAssunto,ClienteCodigo,ClienteCodigoSimplificado,ClienteClienteRaiz,ClientePessoaNome,AssuntoDataEntrada,AssuntoSituacao,PoloPrincipalPassivo,PoloPrincipalAtivo,AssuntoNumeroProcesso,AssuntoNumerosProcesso,DesdobramentoNumeroProcesso,DesdobramentoNumerosProcesso,Envolvidos,Id
PessoaEnderecoViews	5		Id,PessoaId,Logradouro,Numero,Complemento,Bairro,CEP,PaisId,PaisNome,EstadoId,EstadoNome,CidadeId,CidadeNome,Telefone,Celular,Fax,Email,EnderecoInternacional,Observacao,ClassificacaoBairroId,ClassificacaoBairroDescricao,TipoLogradouroId,TipoLogradouroDescricao,DataInclusao,UsuarioInclusao,DataAlteracao,UsuarioAlteracao
PessoaSimplificadoViews	5		Id,Codigo,Nome,NomeFantasia,Tipo,CnpjCpf,Telefone,Email,RedeSocial
PessoaViews	5	payroll,tax,client	Id,Codigo,Nome,NomeFantasia,Tipo,CnpjCpf,Telefone,Email,RedeSocial,ProfissionaisCount,ProfissionaisCountAtivo,Selecionado,EmpresasCount,ClientesCount,CorrespondentesCount,PrepostosCount,JuizCount,EnvolvidosCount,CasoParticipacoesCount,ClienteParticipacoesCount,ClientePagadoresCount,PessoaEnderecosCount,FornecedoresCount,Virtual
PlanoContasViews	5	expense,payroll	Id,PlanoContasPaiContaFinanceira,PlanoContasPaiId,ContaFinanceira,Titulo,MoedaId,MoedaCodigo,MoedaSigla,MoedaDescricao,RateioFolha,Nivel,TipoContaId,TipoContaTipo,Ativo,TipoCusto,EmpresaId,Codigo,PlanoContasFilhosCount
PosicaoFinanceiraAdiantamentoViews	5	expense,payroll,tax,client	Id,CasoId,CasoEscritorioId,AnoMes,ProfissionalId,ProfissionalSigla,ProfissionalPessoaNome,ProfissionalCategoriaNome,TipoDespesaId,TipoDespesaDescricao,Tipo,MoedaId,MoedaSigla,Numero1,Data1,Data2,Data3,Valor1,Valor2,Valor3,Valor4,Valor5,Valor6,Valor7,Valor8,Valor9,Descricao1
PosicaoFinanceiraCasoViews	5	expense,payroll,tax,client	Id,Codigo,CodigoNumerico,CodigoSimplificado,ClienteId,ClienteCodigo,ClienteCodigoNumerico,ClienteClienteRaiz,ClienteCodigoSimplificado,ClientePessoaNome,ClientePessoaNomeFantasia,ClienteSituacao,Assunto,ObservacaoCadastro,EscritorioId,EscritorioCodigo,EscritorioNome,AreaJuridicaId,AreaJuridicaCodigo,AreaJuridicaSigla,AreaJuridicaNome,SubAreaJuridicaId,SubAreaJuridicaCodigo,SubAreaJuridicaSigla,SubAreaJuridicaNome,TabelaServicoId,TabelaServicoCodigo,TabelaServicoSigla,TabelaServicoObservacao,TabelaServicoTipoServicoId
PosicaoFinanceiraCobrancaViews	5	expense,payroll,tax,client	Id,CasoId,CasoEscritorioId,AnoMes,ProfissionalId,ProfissionalSigla,ProfissionalPessoaNome,ProfissionalCategoriaNome,TipoDespesaId,TipoDespesaDescricao,Tipo,MoedaId,MoedaSigla,Numero1,Data1,Data2,Data3,Valor1,Valor2,Valor3,Valor4,Valor5,Valor6,Valor7,Valor8,Valor9,Descricao1
PosicaoFinanceiraDespesaIncorridaViews	5	expense,payroll,tax,client	Id,CasoId,CasoEscritorioId,AnoMes,ProfissionalId,ProfissionalSigla,ProfissionalPessoaNome,ProfissionalCategoriaNome,TipoDespesaId,TipoDespesaDescricao,Tipo,MoedaId,MoedaSigla,Numero1,Data1,Data2,Data3,Valor1,Valor2,Valor3,Valor4,Valor5,Valor6,Valor7,Valor8,Valor9,Descricao1
PosicaoFinanceiraFaturaViews	5	revenue,expense,payroll,tax,invoice,client	Id,CasoId,CasoEscritorioId,AnoMes,ProfissionalId,ProfissionalSigla,ProfissionalPessoaNome,ProfissionalCategoriaNome,TipoDespesaId,TipoDespesaDescricao,Tipo,MoedaId,MoedaSigla,Numero1,Data1,Data2,Data3,Valor1,Valor2,Valor3,Valor4,Valor5,Valor6,Valor7,Valor8,Valor9,Descricao1
PosicaoFinanceiraResultadoFaturamentoViews	5	revenue,expense,payroll,tax,invoice,client	Id,CasoId,CasoEscritorioId,AnoMes,ProfissionalId,ProfissionalSigla,ProfissionalPessoaNome,ProfissionalCategoriaNome,TipoDespesaId,TipoDespesaDescricao,Tipo,MoedaId,MoedaSigla,Numero1,Data1,Data2,Data3,Valor1,Valor2,Valor3,Valor4,Valor5,Valor6,Valor7,Valor8,Valor9,Descricao1
PosicaoFinanceiraResultadoRecebimentoViews	5	revenue,expense,payroll,tax,client	Id,CasoId,CasoEscritorioId,AnoMes,ProfissionalId,ProfissionalSigla,ProfissionalPessoaNome,ProfissionalCategoriaNome,TipoDespesaId,TipoDespesaDescricao,Tipo,MoedaId,MoedaSigla,Numero1,Data1,Data2,Data3,Valor1,Valor2,Valor3,Valor4,Valor5,Valor6,Valor7,Valor8,Valor9,Descricao1
PosicaoFinanceiraResumoDespesaViews	5	expense,payroll,tax,client	Id,CasoId,CasoEscritorioId,AnoMes,ProfissionalId,ProfissionalSigla,ProfissionalPessoaNome,ProfissionalCategoriaNome,TipoDespesaId,TipoDespesaDescricao,Tipo,MoedaId,MoedaSigla,Numero1,Data1,Data2,Data3,Valor1,Valor2,Valor3,Valor4,Valor5,Valor6,Valor7,Valor8,Valor9,Descricao1
PreFaturaAcaoDetalhadaViews	5	revenue,payroll,tax,invoice,client	Id,PreFaturaId,PreFaturaCodigo,CasoId,CasoCodigo,CasoCodigoSimplificado,CasoCodigoNumerico,CasoAssunto,ProfissionalId,ProfissionalCodigo,ProfissionalSigla,ProfissionalPessoaNome,Situacao,FaturaId,FaturaNumero,DataInclusao,UsuarioInclusao,DataAlteracao,UsuarioAlteracao,Codigo,ProfissionalOperacaoId,ProfissionalOperacaoCodigo,ProfissionalOperacaoSigla,ProfissionalOperacaoPessoaNome,RevisorOrigemId,RevisorOrigemCodigo,RevisorOrigemSigla,RevisorOrigemPessoaNome,RevisorDestinoId,RevisorDestinoCodigo
PreFaturaAcaoViews	5	revenue,payroll,tax,invoice,client	Id,PreFaturaId,PreFaturaCodigo,CasoId,CasoCodigo,CasoCodigoSimplificado,CasoCodigoNumerico,CasoAssunto,ProfissionalId,ProfissionalCodigo,ProfissionalSigla,ProfissionalPessoaNome,Situacao,FaturaId,FaturaNumero,DataInclusao,UsuarioInclusao,DataAlteracao,UsuarioAlteracao,Codigo
PreFaturaAcessoExcecaoViews	1	revenue,payroll,tax,invoice	Id,ProfissionalId,ProfissionalPessoaNome,ProfissionalCodigo,ProfissionalPessoaNomeFantasia,ProfissionalSigla,UsuarioInclusao,DataAlteracao,UsuarioAlteracao,DataInclusao
PreFaturaCasoViews	5	revenue,expense,payroll,tax,invoice,client	Id,PreFaturaId,PreFaturaCodigo,PreFaturaDataLimite,PreFaturaDataEmissao,PreFaturaMoedaSigla,PreFaturaMoedaId,PreFaturaSituacao,PreFaturaPermiteTimesheet,PreFaturaPermiteDespesa,PreFaturaPermiteTabelado,CasoId,CasoCodigo,CasoCodigoSimplificado,CasoCodigoNumerico,CasoAreaJuridicaId,CasoAssunto,CasoClienteId,CasoClienteCodigo,CasoClienteCodigoNumerico,CasoClientePessoaNome,CasoClienteClienteRaiz,CasoClienteCodigoSimplificado,CasoClientePessoaNomeFantasia,CasoClienteEBillingEmpresaEbillingDocumentoId,CasoClienteUtilizaEBilling,CasoIdiomaRelatorioIso,CasoIdiomaRelatorioDescricao,CasoProfissionalResponsavelId,CasoProfissionalResponsavelCodigo
PreFaturaContratoViews	5	revenue,invoice,client	Id,PreFaturaId,PreFaturaCodigo,MoedaLimiteId,MoedaLimiteCodigo,MoedaLimiteSigla,MoedaLimiteDescricao,ValorLimite,TotalFaturado,TotalExcedidoLimite,IndiceLimite,TipoContrato,TempoExcedidoMisto,ValorExcedidoMisto,TipoCobrancaExcedente,PercentualDescontoFixo,LimiteHoras,ValorBase,MoedaFixoId,MoedaFixoCodigo,MoedaFixoSigla,MoedaFixoDescricao,ValorParcelasFixo,ValorTimeSheet,TempoTimeSheet,IndiceFixo,ValorLimiteFatura,ValorUtilizadoFatura,SaldoProximaFatura,TotalSaldoAnterior
PreFaturaDespesaViews	5	revenue,expense,payroll,tax,invoice,client	Id,PreFaturaId,PreFaturaCodigo,PreFaturaDataLimite,Codigo,Data,PreFaturaCasoId,CasoId,CasoCodigo,CasoCodigoSimplificado,CasoCodigoNumerico,CasoAssunto,CasoSituacaoJuridica,CasoClienteId,CasoClienteCodigo,CasoClienteClienteRaiz,CasoClienteCodigoSimplificado,CasoClienteCodigoNumerico,CasoClientePessoaNome,CasoClientePessoaNomeFantasia,CasoIdiomaRelatorioIso,CasoIdiomaRelatorioDescricao,TipoDespesaId,TipoDespesaCodigo,TipoDespesaDescricao,TipoDespesaLocalidade,MoedaId,MoedaCodigo,MoedaSigla,MoedaDescricao
PreFaturaInstrucaoViews	5	revenue,payroll,tax,invoice,client	Id,PreFaturaId,PreFaturaCodigo,PreFaturaCasoId,ProfissionalId,ProfissionalCodigo,ProfissionalSigla,ProfissionalPessoaNome,CasoId,CasoCodigo,CasoCodigoSimplificado,CasoCodigoNumerico,CasoAssunto,PreFaturaTimesheetId,PreFaturaTimesheetCodigo,PreFaturaTimesheetProfissionalRevisadoPessoaNomeFantasia,PreFaturaTimesheetProfissionalRevisadoPessoaNome,PreFaturaTimesheetProfissionalRevisadoSigla,PreFaturaFixoId,PreFaturaFixoCodigo,PreFaturaFixoDataVencimento,Observacao,DataInclusao,UsuarioInclusao,DataAlteracao,UsuarioAlteracao,Codigo,PreFaturaPagadorId,PreFaturaPagadorInstrucaoData,PreFaturaPagadorClientePagadorCodigo
PreFaturaLogViews	5	revenue,payroll,tax,invoice,client	Id,PreFaturaId,PreFaturaCodigo,PreFaturaCasoId,ProfissionalId,ProfissionalCodigo,ProfissionalSigla,ProfissionalPessoaNome,RevisorOrigemId,RevisorOrigemCodigo,RevisorOrigemSigla,RevisorOrigemPessoaNome,RevisorDestinoId,RevisorDestinoCodigo,RevisorDestinoSigla,RevisorDestinoPessoaNome,Tipo,DataAcao,DataInclusao,UsuarioInclusao,DataAlteracao,UsuarioAlteracao,Codigo
PreFaturaMargemContribuicaoResumoCasoViews	5	revenue,expense,tax,invoice,client	Id,PreFaturaId,PreFaturaCasoId,CasoId,TotalValorTrabalhado,TotalValorRevisado,Custos,PercentualEficiencia,Tributos,TotalMargemBruta,PercentualMargemBruta
PreFaturaMargemContribuicaoResumoPreViews	5	revenue,expense,tax,invoice	Id,PreFaturaId,TotalValorTrabalhada,TotalValorRevisado,Custos,PercentualEficiencia,Tributos,TotalMargemBruta,PercentualMargemBruta
PreFaturaMargemContribuicaoViews	5	revenue,invoice	Id
PreFaturaPagadorViews	5	revenue,expense,tax,invoice,client	Id,PreFaturaId,PreFaturaCodigo,PreFaturaDataLimite,ClientePagadorId,ClientePagadorCodigo,ClientePagadorClienteId,ClientePagadorClienteCodigo,ClientePagadorClienteClienteRaiz,PessoaNome,ClientePagadorPessoaNome,ClientePagadorPessoaTipo,ClientePagadorPessoaCnpjCpf,ClientePagadorPessoaEmail,ClientePagadorPessoaEnderecoPagadorPessoaNome,ClientePagadorPessoaEnderecoPagadorLogradouro,ClientePagadorPessoaEnderecoPagadorNumero,ClientePagadorPessoaEnderecoPagadorComplemento,ClientePagadorPessoaEnderecoPagadorBairro,ClientePagadorPessoaEnderecoPagadorCidadeNome,ClientePagadorPessoaEnderecoPagadorEstadoNome,ClientePagadorPessoaEnderecoPagadorEstadoSigla,ClientePagadorPessoaEnderecoPagadorPaisNome,ClientePagadorPessoaEnderecoPagadorPaisSigla,ClientePagadorPessoaEnderecoPagadorTelefone,ClientePagadorPessoaEnderecoPagadorCelular,ClientePagadorPessoaEnderecoPagadorFax,ClientePagadorPessoaEnderecoPagadorCEP,ClientePagadorPessoaEnderecoPagadorEmail,ClientePagadorPessoaEnderecoPagadorEnderecoInternacional
PreFaturaProfissionalViews	5	revenue,payroll,tax,invoice,client	Id,PreFaturaId,PreFaturaCodigo,PreFaturaDataLimite,PreFaturaCasoId,CasoId,CasoCodigo,CasoCodigoSimplificado,CasoCodigoNumerico,CasoAssunto,CasoClienteId,CasoClienteCodigo,CasoClienteClienteRaiz,CasoClienteCodigoSimplificado,CasoClienteCodigoNumerico,CasoClientePessoaNome,CasoClientePessoaNomeFantasia,ProfissionalId,ProfissionalCodigo,ProfissionalSigla,ProfissionalPessoaNome,ProfissionalCategoriaId,ProfissionalCategoriaNome,ProfissionalEscritorioId,ProfissionalEscritorioNome,ProfissionalGrupoJuridicoId,ProfissionalGrupoJuridicoNome,MoedaId,MoedaCodigo,MoedaSigla
PreFaturaRecoveryViews	5	revenue,invoice	Id,PreFaturaId,ValorTotalTrabalhado,ValorTotalRevisado,PercentualRecovery
PreFaturaResumoProfissionalViews	5	revenue,payroll,tax,invoice,client	Id,PreFaturaId,PreFaturaCodigo,PreFaturaCasoId,CasoId,CasoCodigo,CasoCodigoSimplificado,CasoCodigoNumerico,CasoAssunto,CasoClienteId,CasoClienteCodigo,CasoClienteClienteRaiz,CasoClienteCodigoSimplificado,CasoClienteCodigoNumerico,CasoClientePessoaNome,CasoClientePessoaNomeFantasia,ProfissionalId,ProfissionalCodigo,ProfissionalSigla,ProfissionalPessoaNome,ProfissionalCategoriaId,ProfissionalCategoriaNome,GrupoJuridicoEscritorioId,GrupoJuridicoEscritorioNome,GrupoJuridicoId,GrupoJuridicoNome,MoedaId,MoedaCodigo,MoedaSigla,MoedaDescricao
PreFaturaRevisorViews	5	revenue,expense,invoice	Id,Sigla,PessoaNome,PessoaNomeFantasia,PessoaCnpjCpf,EscritorioId,EscritorioNome,GrupoJuridicoId,GrupoJuridicoNome,CategoriaId,CategoriaNome,Socio,Revisor,DataEntrada,DataSaida,ExtraData,Selecionado
PreFaturaViews	5	revenue,expense,payroll,tax,invoice,client	Id,ClienteId,ClienteCodigo,ClienteCodigoNumerico,ClienteClienteRaiz,ClienteCodigoSimplificado,ClienteGrupoEmpresaCodigo,ClienteGrupoEmpresaNome,ClientePessoaNome,ClientePessoaNomeFantasia,DataEmissao,DataRefInicialHon,DataRefFinalHon,ValorTotal,ValorHonorarios,ValorDespesas,ValorDesconto,ValorDescontoEspecial,ValorTimesheets,ValorTabelados,DataLimite,Situacao,IdiomaId,IdiomaCodigo,IdiomaSigla,IdiomaDescricao,IdiomaIso,EscritorioId,EscritorioCodigo,EscritorioNome
PreferenciaIndividualViews	5	payroll,tax	Id,LicencaId,PreferenciaId,UsuarioId,UsuarioNome,ProfissionalSigla,ProfissionalCodigo,Nome,Valor,DataInclusao,UsuarioInclusao,DataAlteracao,UsuarioAlteracao,Selecionado,ExtraData
PreferenciaPerfilViews	1		Id,PreferenciaId,PerfilId,PerfilNome,Nome,Valor,DataInclusao,UsuarioInclusao,DataAlteracao,UsuarioAlteracao,Selecionado
PreferenciaTelaViews	4		Id,PreferenciaId,ModeloTelaId,ModeloTelaTitulo,PerfilId,PerfilNome,Nome,Valor,DataInclusao,UsuarioInclusao,DataAlteracao,UsuarioAlteracao,Selecionado
PreferenciaViews	5		Id,Codigo,Nome,Descricao,Tipo,Valor,Modulo,EstruturaTipo,Interna,DataInclusao,UsuarioInclusao,DataAlteracao,UsuarioAlteracao,Selecionado,ExtraData,ExcecaoPerfil,ExcecaoIndividual,ExcecaoTela,PreferenciasPerfilCount,PreferenciasIndividualCount,OpcaoUsuario,PreferenciasTelaCount
ProfissionalCaixinhaViews	1	expense,payroll,tax	Id,Codigo,Sigla,PessoaNome,PessoaNomeFantasia,PessoaCnpjCpf,EscritorioId,EscritorioNome,GrupoJuridicoId,GrupoJuridicoNome,CategoriaId,CategoriaNome,Socio,Revisor,DataEntrada,DataSaida
ProfissionalRelatViews	5	expense,payroll,tax	Id,Codigo,Sigla,PessoaNome,PessoaNomeFantasia,PessoaCnpjCpf,PessoaEmail,EscritorioId,EscritorioNome,EscritorioEmpresaId,GrupoJuridicoId,GrupoJuridicoNome,CategoriaId,CategoriaNome,Socio,Revisor,DataEntrada,DataSaida,HorasDia,DataInclusao,UsuarioInclusao,DataAlteracao,UsuarioAlteracao,ValidaNovo,PessoaId,Selecionado,ExtraData,Existente,PessoaTipo,PessoaCnpjCpfTitle
ProfissionalSocioRelatViews	5	expense,payroll,tax	Id,Codigo,Sigla,PessoaNome,PessoaNomeFantasia,PessoaCnpjCpf,PessoaEmail,EscritorioId,EscritorioNome,EscritorioEmpresaId,GrupoJuridicoId,GrupoJuridicoNome,CategoriaId,CategoriaNome,Socio,Revisor,DataEntrada,DataSaida,HorasDia,DataInclusao,UsuarioInclusao,DataAlteracao,UsuarioAlteracao,ValidaNovo,PessoaId,Selecionado,ExtraData,Existente,PessoaTipo,PessoaCnpjCpfTitle
ProfissionalViews	5	expense,payroll,tax	Id,Codigo,Sigla,PessoaNome,PessoaNomeFantasia,PessoaCnpjCpf,PessoaEmail,EscritorioId,EscritorioNome,EscritorioEmpresaId,GrupoJuridicoId,GrupoJuridicoNome,CategoriaId,CategoriaNome,CategoriaPeriodoConcessivo,CategoriaDiasPermitidos,DiasSaldo,FeriasAcumuladas,InicioPeriodoConcessivo,FimPeriodoConcessivo,PeriodoVencimento,FeriasVencidas,Socio,Revisor,DataEntrada,DataSaida,HorasDia,Tecnico,Cor,DadosProfissionalFoto
PrognosticoViews	3		Id,Codigo,Descricao,Percentual,DataInclusao,UsuarioInclusao,DataAlteracao,UsuarioAlteracao,CadastroPerfilIds
RateioFaturaCasoViews	5	revenue,payroll,tax,invoice,client	Id,FaturaId,FaturaNumero,FaturaValorHonorarios,FaturaDataEmissao,FaturaEscritorioId,FaturaValorDesconto,FaturaSituacaoRateio,FaturaSituacao,FaturaRazaoSocial,AnoMes,DataAnoMes,CasoId,CasoAssunto,CasoCodigo,CasoCodigoSimplificado,CasoCodigoNumerico,CasoClienteCodigo,CasoClienteCodigoSimplificado,CasoClienteClienteRaiz,CasoClientePessoaNome,CasoClienteId,TotalPorcentagem,TotalFaturado,TotalRateado,DataInclusao,UsuarioInclusao,DataAlteracao,UsuarioAlteracao,Codigo
RateioFaturaOriginalViews	5	revenue,payroll,tax,invoice,client	Id,FaturaId,FaturaDataEmissao,DataAnoMes,FaturaNumero,EscritorioId,EscritorioNome,ProfissionalId,ProfissionalPessoaNome,ProfissionalSigla,ClienteId,ClientePessoaNome,ClientePessoaNomeFantasia,ClienteCodigo,ClienteClienteRaiz,CasoId,CasoAssunto,CasoCodigo,CasoCodigoSimplificado,CasoCodigoNumerico,ValorFaturado,FaturaSituacao,FaturaTipo,FaturaValorHonorarios,Porcentagem,AnoMes,ValorTrabalhado
RateioFaturaProfissionalViews	5	revenue,payroll,tax,invoice,client	Id,FaturaId,FaturaDataEmissao,Tipo,DataAnoMes,FaturaNumero,EscritorioId,EscritorioNome,ProfissionalId,ProfissionalPessoaNome,ProfissionalSigla,ClienteId,ClientePessoaNome,ClientePessoaNomeFantasia,ClienteCodigo,ClienteClienteRaiz,CasoId,CasoAssunto,CasoCodigo,CasoCodigoSimplificado,CasoCodigoNumerico,ValorFaturado,ValorTrabalhado,FaturaSituacao,FaturaTipo,FaturaValorHonorarios,DataInclusao,UsuarioInclusao,DataAlteracao,UsuarioAlteracao
RateioGerencialViews	5	payroll,tax,client	Id,ProfissionalId,GrupoJuridicoId,CasoId,AnoMes,AnoMesRef,ValorTabPadrao
RateioViews	5	revenue,expense,payroll,tax,client	Id,Numero,EscritorioId,EscritorioNome,Tipo,MoedaDescricao,Situacao,DataEmissao,DataVencimento,DataCancelamento,DataRefInicialHon,DataRefFinalHon,CobHonorarios,ValorHonorarios,ValorDesconto,ValorDespesas,PaisNome,EstadoNome,CidadeNome,ProfissionalResponsavelId,ProfissionalResponsavelPessoaNome,ProfissionalResponsavelSigla,RazaoSocial,ValorDespesasTributaveis,SituacaoRateio,DataInclusao,UsuarioInclusao,DataAlteracao,UsuarioAlteracao,Codigo
RegraEmailViews	1		Id,Selecionado,Pendentes,Descricao,SqlEnvio,Intervalo,SqlUpdate,Ativo,DataBaseTimeout,EmailDestino,AssuntoEmail,TextoEmail,EmailCopia,EmailCopiaOculta,DisplayEmail,MailServidorId,MailServidorNome,EmailOrigem,Host,Porta,Username,Password,AutenticacaoSSL,AutenticacaoTLS,UltimoEnvio,EmailHtml,SqlAnexos,DataInclusao,UsuarioInclusao,DataAlteracao
RelatorioGerencialViews	5		Id,Nome,Identificador,Descricao,Caminho,ArquivoRelatorio,ModeloTelaId,ModeloTelaTitulo,ModeloTelaNomeView,Situacao,Pdf,Excel,Word,Termos,Pasta,DataInclusao,UsuarioInclusao,DataAlteracao,UsuarioAlteracao
RelatorioModeloPerfilViews	1		Id,ModeloId,ModeloNome,PerfilId,PerfilNome,DataInclusao,UsuarioInclusao,DataAlteracao,UsuarioAlteracao
RelatorioModeloViewModelViews	1		Id,ModeloId,ModeloNome,ViewModel,Visivel,DataInclusao,UsuarioInclusao,DataAlteracao,UsuarioAlteracao
RelatorioModeloViews	1		Id,RelatorioId,RelatorioNome,Nome,DataInclusao,UsuarioInclusao,DataAlteracao,UsuarioAlteracao
RelatorioParamViews	5		Id,RelatorioId,RelatorioDescricao,Nome,Descricao,Observacao,TipoParametro,ValorPadrao,TipoComponente,DadosComponente,Obrigatorio,Visivel,MultiplosValores,RelatparamDepValor,SeparadorMultiplosValores,Ordem,DataInclusao,UsuarioInclusao,DataAlteracao,UsuarioAlteracao
RelatorioViews	5		Id,Nome,Descricao,ArquivoRelatorio,Caminho,Pasta,Identificador,Situacao,Gerador,Pdf,Excel,Word,ModeloTelaId,ModeloTelaTitulo,ModeloTelaNomeView,Termos,DataInclusao,UsuarioInclusao,DataAlteracao,UsuarioAlteracao
RestricaoAcaoViews	5		Id,PerfilId,PerfilNome,Acao,ModeloTelaId,ModeloTelaNomeView,ModeloTelaTitulo,ModeloTelaTipo,Ativo,DataInclusao,UsuarioInclusao,DataAlteracao,UsuarioAlteracao,Editando,ModeloTelaAcaoId,ModeloTelaAcaoDescricao,ModeloTelaAcaoAcao,Estado,MultiRegistrosAcoes
ResumoHistoricoViews	5	expense,payroll,tax	Id,AnoMesInicial,AnoMesFinal,ProfissionalId,ValorHora,HorasDia,DataEntrada,DataSaida,EscritorioId,EscritorioNome,EscritorioCodigo,EscritorioAtivo,GrupoJuridicoId,GrupoJuridicoNome,GrupoJuridicoCodigo,GrupoJuridicoAtivo,CategoriaId,CategoriaNome,RecebeRateioDesp,Codigo,DataInclusao,UsuarioInclusao,DataAlteracao,UsuarioAlteracao
RevisaoCasoFixoRevisadoViews	5	payroll,tax,client	Id,CasoId,CasoCodigo,CasoCodigoSimplificado,CasoCodigoNumerico,CasoAreaJuridicaId,CasoClienteId,CasoClienteCodigo,CasoClienteClienteRaiz,CasoClienteCodigoSimplificado,CasoClienteCodigoNumerico,CasoClientePessoaNome,CasoClientePessoaNomeFantasia,CasoClienteEBillingEmpresaEbillingDocumentoId,CasoClienteUtilizaEBilling,CasoAssunto,CasoMoedaSigla,Fixo,Cobravel,CasoProfissionalResponsavelId,CasoProfissionalResponsavelCodigo,CasoProfissionalResponsavelSigla,CasoProfissionalResponsavelPessoaNome,CasoProfissionalRevisorId,RevisorId,ProfissionalRevisorId,ProfissionalRevisorSigla,ProfissionalRevisorPessoaNome,HorasPendentesRevisao,CasoProfissionalRevisorSigla
RevisaoTimesheetFixoViews	5	revenue,expense,payroll,tax,invoice,client	Id,Codigo,CasoId,CasoCodigo,CasoCodigoSimplificado,CasoAreaJuridicaId,CasoCodigoNumerico,CasoAssunto,CasoSituacaoJuridica,CasoClienteId,CasoClienteCodigo,CasoClienteCodigoNumerico,CasoClientePessoaNome,CasoClienteClienteRaiz,CasoClienteCodigoSimplificado,CasoClientePessoaNomeFantasia,CasoClienteEBillingEmpresaEbillingDocumentoId,CasoClienteUtilizaEBilling,CasoIdiomaRelatorioIso,CasoIdiomaRelatorioDescricao,CasoCasoMaeId,CasoCasoMaeCodigo,CasoCasoMaeAssunto,Data,DataInclusao,UsuarioInclusao,DataAlteracao,UsuarioAlteracao,TimesheetVinculadoFilhosCount,TimesheetVinculadoPaisCount
RevisaoTimesheetPorCasoViews	55301	revenue,payroll,tax,client	Id,Codigo,CasoId,CasoProfissionalRevisorId,CasoProfissionalResponsavelId,CasoCodigo,CasoCodigoSimplificado,CasoCodigoNumerico,CasoAssunto,CasoSituacaoJuridica,CasoAreaJuridicaId,CasoClienteId,CasoClienteCodigo,CasoClienteCodigoNumerico,CasoClientePessoaNome,CasoClientePessoaNomeFantasia,CasoClienteEBillingEmpresaEbillingDocumentoId,EBillingDocumentoId,CasoClienteClienteRaiz,CasoClienteCodigoSimplificado,CasoClienteUtilizaEBilling,CasoIdiomaRelatorioIso,CasoIdiomaRelatorioDescricao,CasoMoedaId,CasoMoedaSigla,CasoTipoCobrancaId,CasoTipoCobrancaDescricao,Data,DataInclusao,UsuarioInclusao
RevisaoTimesheetResumoProfissionalViews	5	payroll,tax,client	Id,ProfissionalId,ProfissionalSigla,ProfissionalNome,CasoId,HoraRevisada,HoraTrabalhada,HoraProdutiva,CategoriaId,CategoriaNome,ValorHora,ValorTotalTrabalhado,ValorTotalRevisado,ValorTotalProdutivo
RevisaoTimesheetViews	5	payroll,tax,client	Id,Codigo,CasoId,CasoCodigo,CasoCodigoSimplificado,CasoCodigoNumerico,CasoAssunto,CasoSituacaoJuridica,CasoAreaJuridicaId,CasoClienteId,CasoClienteCodigo,CasoClienteCodigoNumerico,CasoClientePessoaNome,CasoClientePessoaNomeFantasia,CasoClienteEBillingEmpresaEbillingDocumentoId,EBillingDocumentoId,CasoClienteClienteRaiz,CasoClienteCodigoSimplificado,CasoClienteUtilizaEBilling,CasoIdiomaRelatorioIso,CasoIdiomaRelatorioDescricao,Data,DataInclusao,UsuarioInclusao,DataAlteracao,UsuarioAlteracao,TimesheetVinculadoFilhosCount,TimesheetVinculadoPaisCount,ProfissionalTrabalhadoPessoaNome,ProfissionalTrabalhadoPessoaNomeFantasia
RitoViews	5		Id,Codigo,Descricao,DataInclusao,UsuarioInclusao,DataAlteracao,UsuarioAlteracao,CadastroPerfilIds
RotinaViews	5		Id,Nome,Ativo,Descricao,DataInicio,DataInclusao,UsuarioInclusao,DataAlteracao,UsuarioAlteracao
RuleRegistryViews	242		Id,Nome
SaldoFaturaViews	5	revenue,expense,payroll,invoice,client	Id,CasoId,Tipo,ClienteId,EmpresaId,EscritorioId,MoedaId,MoedaSigla,Numero,Data,DataVencimento,ValorHonorarios,ValorHonorariosNac,ValorDesconto,ValorDescontoNac,ValorDespesas,ValorDespesasNac
SegmentoViews	5		Id,Codigo,Nome,Ativo,Principal,DataInclusao,UsuarioInclusao,DataAlteracao,UsuarioAlteracao
ServicoWebViews	5		Id,Nome,Versao,Wsdl,TipoServico,NomeServico,Descricao,DataInclusao,UsuarioInclusao,DataAlteracao,UsuarioAlteracao
SituacaoCompromissoViews	3	tax	Id,Codigo,Descricao,Situacao,ProximasEtapas,ExcluirLembreteOutlook,DataInclusao,ProximasSituacoes,TipoColunaKanban,Ordem,SituacaoPaiId,AtualizacaoAutomaticaTarefaPrincipal,UsuarioInclusao,DataAlteracao,UsuarioAlteracao,CadastroPerfilIds
SituacaoMovimentacaoFinanceiraViews	5		Id,CategoriaMovimentacaoFinanceiraId,CategoriaMovimentacaoFinanceiraNome,Descricao,Codigo,DataInclusao,UsuarioInclusao,DataAlteracao,UsuarioAlteracao
SituacaoRetornoViews	5		Id,Codigo,Descricao,Ativo,ObrigaInstrucao,TipoRevisao,AcaoRevisao,Restricao
SolicitacaoDespesaRevisorViews	5	expense	Id,Codigo,PessoaNome,PessoaNomeFantasia,Sigla,Socio,Tecnico,DataSaida
SubAreaJuridicaViews	5		Id,Codigo,AreaJuridicaId,AreaJuridicaNome,Nome,Sigla,Ativo,DataInclusao,UsuarioInclusao,DataAlteracao,UsuarioAlteracao,Selecionado
SyncLogItemGrupoViews	5		Id,IdExecucao,Modelo,Chave,Mensagem,Dados,Tipo,DataExecucao
SyncLogItemViews	5		Id,IdExecucao,Modelo,Chave,Mensagem,Dados,Tipo,DataExecucao
TSCasoViews	5	expense,client	Id,Codigo,CodigoSimplificado,CodigoNumerico,ClienteId,ClienteCodigo,ClienteCodigoNumerico,ClientePessoaNome,ClientePessoaNomeFantasia,ClienteSituacao,ClienteClienteRaiz,ClienteCodigoSimplificado,ClienteEBillingEmpresaEbillingDocumentoId,Assunto,AreaJuridicaId,ObservacaoCadastro,TabelaServicoId,TabelaServicoCodigo,TabelaServicoSigla,TabelaServicoObservacao,TabelaServicoTipoServicoId,TabelaServicoTipoServicoCodigo,TabelaServicoTipoServicoDescricao,SituacaoJuridica,DataAbertura,DataEncerramento,BloqueiaTimesheet,BloqueiaDespesa,BloqueiaTabelado,SituacaoCadastro
TSClienteViews	5	client	Id,Codigo,CodigoSimplificado,CodigoNumerico,PessoaTipo,PessoaCnpjCpf,PessoaNome,PessoaNomeFantasia,Situacao,ClienteRaiz,DataAbertura,DataEncerramento,TipoCliente,SituacaoCadastro,UtilizaEBilling,EBillingEmpresaId,EBillingEmpresaDescricao,EBillingEmpresaEbillingDocumentoId,EBillingEmpresaEbillingDocumentoEBillingFasePadraoId,EBillingEmpresaEbillingDocumentoEBillingFasePadraoDescricao,EBillingEmpresaEbillingDocumentoEbillingTarefaPadraoId,EBillingEmpresaEbillingDocumentoEbillingTarefaPadraoDescricao,EBillingEmpresaEbillingDocumentoEbillingAtividadePadraoId,EBillingEmpresaEbillingDocumentoEbillingAtividadePadraoCodigo,EBillingEmpresaEbillingDocumentoEbillingAtividadePadraoDescricao,Selecionado,Loja,SomentePagador
TSCompromissoResponsavelViews	1	payroll,tax,client	Id,CompromissoId,ProfissionalId,ProfissionalSigla,ProfissionalPessoaNome,ProfissionalPessoaNomeFantasia,TipoResponsabilidadeId,TipoResponsabilidadeTipo,CompromissoAssuntoCasoClienteId,CompromissoAssuntoCasoId,CompromissoAssuntoId,CompromissoAssuntoObjetoDescricao,CompromissoAssuntoSituacao,CompromissoTipoCompromissoId,CompromissoTipoCompromissoDescricao,CompromissoData,CompromissoDescricao,CompromissoSituacaoCompromissoId,CompromissoSituacaoCompromissoSituacao,CompromissoSituacaoCompromissoDescricao
TSIdiomaTipoAtividadeViews	5		Id,Codigo,IdiomaId,IdiomaIso,TipoAtividadeId,TipoAtividadeDescricaoPadrao,TipoAtividadeAtivo,TipoAtividadeCobravel,TipoAtividadeZeraTempoRevisado,Descricao,DescricaoPadrao,TipoAtividadeCodigo
TSProfissionalViews	5	expense,payroll,tax	Id,Codigo,Sigla,PessoaNome,PessoaNomeFantasia,PessoaCnpjCpf,EscritorioId,EscritorioNome,GrupoJuridicoId,GrupoJuridicoNome,CategoriaId,CategoriaNome,Socio,Revisor,Tecnico,DataEntrada,DataSaida
TSTipoAtividadeViews	5		Id,Codigo,Descricao,DescricaoPadrao,Ativo,Selecionado,IdiomaTipoAtividadesFlat
TSUsuarioViews	5	payroll,tax	Id,ProfissionalId
TabelaConversaoViews	2		Id,Descricao,Moeda1Id,Moeda1Sigla,Moeda2Id,Moeda2Sigla,Codigo,DataInclusao,DataAlteracao,UsuarioInclusao,UsuarioAlteracao,Tipo
TabelaPadraoHistoricoViews	3	revenue	Id,Codigo,HonorarioId,HonorarioSigla,AnoMesInicial,DataAnoMesInicial,AnoMesFinal,DataAnoMesFinal,UsuarioInclusao,DataAlteracao,UsuarioAlteracao,DataInclusao
TabelaRateioViews	1	payroll	Id,Codigo,Descricao,Tipo,Ativo,DataInclusao,UsuarioInclusao,DataAlteracao,UsuarioAlteracao,MultiRegistrosHistorico
TimeZoneViews	141		Id,Name
TimesheetGrupoJuridicoViews	5	payroll,tax,client	CasoCodigo,CasoCodigoSimplificado,CasoCodigoNumerico,CasoAssunto,CasoClienteCodigo,CasoClienteClienteRaiz,CasoClienteCodigoSimplificado,CasoClienteCodigoNumerico,CasoClientePessoaNome,CasoClientePessoaNomeFantasia,Data,DataInclusao,UsuarioInclusao,DataAlteracao,UsuarioAlteracao,TipoAtividadeDescricao,HoraTrabalhada,Descricao,GrupoJuridicoEscritorioId,GrupoJuridicoId,GrupoJuridicoNome,GrupoJuridicoEscritorioNome,ProfissionalTrabalhadoSigla,ProfissionalTrabalhadoPessoaNome,ProfissionalRevisadoSigla,Id,ProfissionalTrabalhadoId,ProfissionalRevisadoId
TimesheetRevisaoViews	5	payroll,tax,client	Id,Codigo,CasoId,CasoCodigo,CasoCodigoSimplificado,CasoCodigoNumerico,CasoAssunto,CasoSituacaoJuridica,CasoAreaJuridicaId,CasoClienteId,CasoClienteCodigo,CasoClienteClienteRaiz,CasoClienteCodigoSimplificado,CasoClienteCodigoNumerico,CasoClientePessoaNome,CasoClientePessoaNomeFantasia,CasoIdiomaRelatorioIso,CasoIdiomaRelatorioDescricao,Data,DataInclusao,UsuarioInclusao,DataAlteracao,UsuarioAlteracao,TimesheetVinculadoFilhosCount,TimesheetVinculadoPaisCount,ProfissionalTrabalhadoPessoaNome,ProfissionalTrabalhadoPessoaNomeFantasia,ProfissionalTrabalhadoSigla,ProfissionalTrabalhadoCodigo,ProfissionalRevisadoPessoaNome
TimesheetVinculadoViews	5	payroll,tax	Id,TimesheetOrigemId,ProfissionalId,ProfissionalPessoaNome,ProfissionalSigla,ProfissionalCodigo,TimesheetNovoId,SincronizaTempo,SincronizaDescricao,Situacao
TipoAcaoViews	5		Id,Codigo,NaturezaId,NaturezaDescricao,Descricao,DataInclusao,UsuarioInclusao,DataAlteracao,UsuarioAlteracao,CadastroPerfilIds
TipoAssuntoPerfilViews	5		Id,TipoAssuntoId,TipoAssuntoNome,TipoAssuntoCodigo,PerfilId,PerfilCodigo,Padrao
TipoAssuntoViews	5		Id,Nome,Ativo,Processo,Codigo,DataInclusao,UsuarioInclusao,DataAlteracao,UsuarioAlteracao,CadastroPerfilIds
TipoAtividadeViews	5	client	Id,Codigo,Descricao,DescricaoPadrao,ParticipacaoCliente,Cobravel,Ativo,ZeraTempoRevisado,DataInclusao,UsuarioInclusao,DataAlteracao,UsuarioAlteracao
TipoCobrancaViews	5		Id,Descricao,Ativo,DataInclusao,UsuarioInclusao,DataAlteracao,UsuarioAlteracao,Codigo,Hora,Fixo,Cobravel,Selecionado
TipoCompromissoViews	5	tax	Id,Codigo,CategoriaCompromissoId,CategoriaCompromissoDescricao,Descricao,Tipo,ObrigaHora,SincronizaOutlook,SituacaoOutlook,SugestaoDescricao,DataInclusao,UsuarioInclusao,DataAlteracao,UsuarioAlteracao,CadastroPerfilIds,AtoId,Valor,Correspondente
TipoContaViews	5		Id,Codigo,Descricao
TipoDespesaViews	5	expense	Id,Codigo,Descricao,Localidade,ValorUnitario,Ativo,DescricaoPadrao,Cobravel,DataInclusao,UsuarioInclusao,DataAlteracao,UsuarioAlteracao
TipoDocumentoViews	3		Id,Codigo,Descricao,PercentualAcrescimo,DataInclusao,UsuarioInclusao,DataAlteracao,UsuarioAlteracao
TipoEnvolvimentoViews	3		Id,Codigo,Descricao,Polo,DataInclusao,UsuarioInclusao,DataAlteracao,UsuarioAlteracao,CadastroPerfilIds
TipoLogradouroViews	5		Id,Codigo,Descricao,CodigoPrefeitura,DataInclusao,UsuarioInclusao,DataAlteracao,UsuarioAlteracao
TipoMovimentacaoFinanceiraViews	5		Id,CategoriaMovimentacaoFinanceiraId,CategoriaMovimentacaoFinanceiraNome,Descricao,Atualizar,Levantamento,Ativo,Codigo,DataInclusao,UsuarioInclusao,DataAlteracao,UsuarioAlteracao,CadastroPerfilIds
TipoOriginacaoViews	2		Id,Codigo,Descricao,Ativo,Tipo,PrazoValidade,SomaOriginacao,InclusaoSocio,Obrigatorio,DataInclusao,UsuarioInclusao,DataAlteracao,UsuarioAlteracao
TipoPedidoValorViews	3		Id,Descricao,Ordem,Percentual,CalculoValorInicialId,CalculoValorInicialDescricao,CalculoValorInicialFormulaCalculo,FormaCorrecaoId,FormaCorrecaoDescricao,CalculoValorCalculado1Id,CalculoValorCalculado1Descricao,CalculoValorCalculado1FormulaCalculo,CalculoValorCalculado2Id,CalculoValorCalculado2Descricao,CalculoValorCalculado2FormulaCalculo,Codigo,DataInclusao,UsuarioInclusao,DataAlteracao,UsuarioAlteracao,CadastroPerfilIds
TipoPedidoViews	5		Id,Codigo,Descricao,DataInclusao,UsuarioInclusao,DataAlteracao,UsuarioAlteracao,CadastroPerfilIds
TipoResponsabilidadeViews	5		Id,Codigo,Descricao,Tipo,DataInclusao,UsuarioInclusao,DataAlteracao,UsuarioAlteracao
TrabalhistaAssuntoGridViews	1	payroll,tax,client	CasoClienteCodigo,CasoClienteCodigoSimplificado,CasoClientePessoaNome,CasoClientePessoaNomeFantasia,CasoCodigo,CasoCodigoSimplificado,CasoAssunto,NumeroProcesso,ValidarCNJ,NumerosProcesso,TipoAcaoDescricao,EnvolvidoAtivoPessoaNome,CidadeEstadoSigla,CidadeNome,CidadeId,ForoId,VaraDescricao,VaraId,Situacao,Tipo,ProfissionalCor,CompromissoSituacaoCompromissoSituacao,CompromissoTipoCompromissoCategoriaCompromissoId,CompromissoTipoCompromissoCategoriaCompromissoTipoCategoria,AssuntoPeticionamentoEletronicoEtapa,Importado,DecisaoId,TipoAcaoId,CorrespondenteId,DataEntrada
TrabalhistaAssuntoViews	1	payroll,tax,client	CasoClienteId,CasoClienteCodigo,CasoClientePessoaId,CasoClientePessoaNome,CasoClientePessoaTipo,CasoClienteClienteRaiz,CasoClienteCodigoSimplificado,CasoClienteEBillingEmpresaEbillingDocumentoId,CasoId,CasoCodigo,CasoCodigoSimplificado,CasoAssunto,CasoCasoContratoCodigo,CasoCasoContratoAssunto,CasoCasoMaeAssunto,CasoCasoMaeCodigo,ContratoId,ContratoNome,ContratoCodigo,CasoCasoContratoId,CasoCasoMaeId,CasoSituacaoCadastro,EscritorioId,EscritorioNome,DataEntrada,AreaJuridicaId,AreaJuridicaNome,SubAreaJuridicaId,SubAreaJuridicaNome,Tipo
TribunalViews	5		Id,Codigo,Nome,Sigla,Uf
TributarioAssuntoViews	1	payroll,tax,client	CasoClienteId,CasoClienteCodigo,CasoClienteCodigoSimplificado,CasoClientePessoaId,CasoClientePessoaNome,CasoClientePessoaTipo,CasoClienteClienteRaiz,CasoClienteEBillingEmpresaEbillingDocumentoId,CasoId,CasoCodigo,CasoCodigoSimplificado,CasoAssunto,CasoCasoContratoCodigo,CasoCasoContratoAssunto,CasoCasoMaeAssunto,CasoCasoMaeCodigo,ContratoId,ContratoNome,ContratoCodigo,CasoCasoContratoId,CasoCasoMaeId,CasoSituacaoCadastro,EscritorioId,EscritorioNome,DataEntrada,AreaJuridicaId,AreaJuridicaNome,SubAreaJuridicaId,SubAreaJuridicaNome,Tipo
TributoViews	5	tax	Id,DataAnoMes,AnoMes,EmpresaId,PercentualIRPJ,PercentualCSLL,PercentualPIS,PercentualCOFINS,EmpresaNomeFantasia,DataInclusao,UsuarioInclusao,DataAlteracao,UsuarioAlteracao,Codigo
UnidadeMedidaViews	4		Id,Codigo,Sigla,Descricao,DataInclusao,UsuarioInclusao,DataAlteracao,UsuarioAlteracao
UsuarioPerfilViews	5		Id,UsuarioId,UsuarioNome,UsuarioUsuarioAd,UsuarioAtivo,UsuarioBloqueado,UsuarioProvider,PerfilId,PerfilNome,PerfilNivel,PerfilCodigo,Padrao,DataInclusao,UsuarioInclusao,DataAlteracao,UsuarioAlteracao
UsuarioViews	5	payroll,tax	Id,Codigo,Nome,UsuarioAd,Email,ProfissionalId,TemProfissional,ProfissionalPessoaNome,ProfissionalSigla,ProfissionalPessoaNomeFantasia,UsuarioIdp,Provider,Secret,DataAlteracao,UsuarioAlteracao,DataInclusao,UsuarioInclusao,Bloqueado,Ativo,PerfilNome,NumeroTentativas,ExtraData,CorrespondenteId,ResetSenha
ValorCotacaoViews	5		Id,Codigo,DataInclusao,DataAlteracao,UsuarioInclusao,UsuarioAlteracao,Data,Valor,TabelaConversaoId
VaraViews	5		Id,Codigo,ForoCidadeNome,ForoCidadeEstadoSigla,ForoCidadeId,ForoId,ForoCodigo,ForoDescricao,Descricao,Endereco,Ativo,ChaveCnj,DataInclusao,UsuarioInclusao,DataAlteracao,UsuarioAlteracao,CadastroPerfilIds
VersaoViews	5		Id,NumeroVersao,DataInclusao,UsuarioInclusao,DataAlteracao,UsuarioAlteracao
