set	n_rows	categories	fields_sample	date_props	numeric_props
AbaViews	5		Id,PerfilId,PerfilNome,ModeloTelaId,ModeloTelaNomeView,ModeloTelaTitulo,ModeloTelaTipo,MenuId,MenuTitulo,Titulo,HeaderTemplate,MainTemplate,Dependente,Ordem,Visivel	DataInclusao,DataAlteracao	
AcessoCaixinhaViews	0	payroll,tax		DataInclusao,DataAlteracao	
AcessoEscritorioProfissionalViews	0	payroll,tax		DataInclusao,DataAlteracao	
AcessoEscritorioViews	0			DataInclusao,DataAlteracao	
AcessoExcecaoProfissionalViews	0	payroll,tax		DataAlteracao,DataInclusao	
AcessoExcecaoViews	0	payroll,tax		DataInicial,DataFinal,DataAlteracao,DataInclusao	
AcessoLogViews	5		Id,Codigo,UsuarioId,UsuarioCodigo,UsuarioNome,UsuarioUsuarioAd,TipoAcao,ResultadoAcao,MotivoFalha,IpOrigem,IpOrigemHeader,Geolocalizacao,DataRegistro,NomeOs,UserAgent	DataRegistro	
AdiantamentoDespesaViews	0	expense			
AdiantamentoViews	5	revenue,invoice,client	Id,CasoId,CasoCodigo,CasoCodigoSimplificado,CasoCodigoNumerico,CasoAssunto,CasoClienteId,CasoClienteCodigo,CasoClienteClienteRaiz,CasoClienteCodigoSimplificado,CasoClienteCodigoNumerico,CasoClientePessoaNome,CasoClientePessoaNomeFantasia,EscritorioId,EscritorioCodigo	Data	
AditivoViews	0			Data,DataInclusao,DataAlteracao	
AgendaCorrespondenteViews	1	expense,tax,client	AssuntoId,AssuntoCasoClienteId,AssuntoCasoId,DesdobramentoId,DesdobramentoNumeroProcesso,AssuntoCasoClienteCodigo,AssuntoCasoClienteClienteRaiz,AssuntoCasoClienteCodigoSimplificado,AssuntoCasoClientePessoaNome,AssuntoCasoCodigo,AssuntoCasoCodigoSimplificado,AssuntoCasoCodigoNumerico,AssuntoCasoAssunto,AssuntoNumeroProcesso,AssuntoValidarCNJ	Data,DataInclusao,DataAlteracao	AnexosCount
AgendaMensalViews	1	payroll,tax	Id,CompromissoId,ProfissionalId,AssuntoId,Data,CompromissoPendente,CompromissoConcluido,CompromissoCancelado,CompromissoOutros,CompromissoAtrasado,TarefaPendente,TarefaConcluida,TarefaCancelada,TarefaOutros,TarefaAtrasada	Data	
AgendadorRelatorioViews	0			DataInclusao,DataUltimaConclusao,DataAlteracao	
AgendamentoDeFeriasViews	0	payroll,tax		DataSolicitacao,PeriodoInicial,PeriodoFinal,PeriodoFinalLastSolicitation,PeriodoInicialLastSolicitation,DataAprovacaoGestor,DataAprovacaoRh,DataInclusao,DataAlteracao	
AlcadaCategoriaViews	0	expense,payroll,tax		DataAlteracao,DataInclusao	
AlcadaExcecaoViews	0			DataAlteracao,DataInclusao	
AlcadaPlanejamentoViews	0	payroll,tax,budget		DataInicialSubstituicao,DataFinalSubstituicao,DataAlteracao,DataInclusao	
AlcadaViews	0	expense,payroll,tax		DataInicialSubstituicao,DataFinalSubstituicao,DataAlteracao,DataInclusao	
AlertaViews	1	payroll,tax	Id,Ativo,Tipo,Url,Nome,Profissionais,Grupos,HoraExpiracao,Dia,Mes,Ano,LabelAcao,TipoData,DataInclusao,UsuarioInclusao	DataInclusao,DataAlteracao	
AlertaVinculoViews	0	payroll,tax		DataExpiracao,DataInclusao,DataAlteracao	
AlocacaoCasoFavoritoViews	5	client	Id,Assunto,Codigo,CodigoNumerico,ClienteId,ClienteCodigo,CodigoSimplificado,ClienteCodigoNumerico,ClientePessoaNome,ClientePessoaNomeFantasia,SituacaoJuridica,DataEncerramento,ClienteClienteRaiz,ClienteCodigoSimplificado	DataEncerramento	
AlocacaoClienteFavoritoViews	5	client	Id,PessoaId,PessoaNome,PessoaNomeFantasia,Codigo,CodigoNumerico,ClienteRaiz,CodigoSimplificado,Situacao,AberturaAutomaticaCaso,TipoAberturaAutomaticaCaso		
AlocacaoGrupoJuridicoPercentualViews	0			DataInclusao,DataAlteracao	
AlocacaoGrupoJuridicoViews	0	client		DataPeriodoInicial,DataPeriodoFinal,DataInclusao,DataAlteracao	
AlocacaoRecebimentoCasoClienteViews	0	revenue,expense,payroll,tax,invoice,client		PeriodoRecebimento	
AlocacaoRecebimentoCasoContratoViews	0	revenue,client			
AlocacaoRecebimentoCasoJuncaoViews	0	revenue,expense,payroll,tax,invoice,client		PeriodoRecebimento	
AlocacaoRecebimentoContratoViews	5	revenue,client	Id,ClienteId,ClienteCodigo,ClienteCodigoSimplificado,ClienteClienteRaiz,ClienteCodigoNumerico,ClientePessoaNome,JuncaoAlocacaoId,CasoId,CasoCodigo,CasoCodigoSimplificado,CasoCodigoNumerico,CasoAssunto,ContratoId,ContratoCodigo		
AlocacaoRecebimentoDespesaClienteViews	0	revenue,expense,client			
AlocacaoRecebimentoDespesaJuncaoViews	0	revenue,expense,client			
AlocacaoRecebimentoFaturaClienteJobViews	5	revenue,expense,invoice,client	Id,FaturaId,Numero,ClienteId,CasoId,DataRecebimento,SaldoRecebimentoAnterior,ValorRecebido,DespesasEmbutidas,ServicosEmbutidos,ClientFee,ValorAlocado,TipoContrato,Transferido,Tipo	DataRecebimento	
AlocacaoRecebimentoFaturaClienteViews	5	revenue,expense,invoice,client	Id,FaturaId,Numero,ClienteId,CasoId,DataRecebimento,SaldoRecebimentoAnterior,ValorRecebido,DespesasEmbutidas,ServicosEmbutidos,ClientFee,ValorAlocado,TipoContrato,Transferido,Tipo	DataRecebimento	
AlocacaoRecebimentoFaturaJuncaoViews	0	revenue,expense,invoice,client		DataRecebimento	
AlocacaoRecebimentoHorasAlocarCasoJuncaoViews	0	revenue,expense,payroll,tax,client		ProfissionalDataSaida	
AlocacaoRecebimentoHorasAlocarCasoViews	0	revenue,expense,payroll,tax,client		ProfissionalDataSaida	
AlocacaoRecebimentoHorasAlocarClienteViews	0	revenue,expense,payroll,tax,client		ProfissionalDataSaida	
AlocacaoRecebimentoHorasAlocarJuncaoViews	0	revenue,expense,payroll,tax,client		ProfissionalDataSaida	
AlocacaoRecebimentoPeriodoModuloViews	5	revenue	Id,AnoMes,Modulo,Situacao,DataInclusao,UsuarioInclusao,DataAlteracao,UsuarioAlteracao,Codigo	DataInclusao,DataAlteracao	
AlocacaoRecebimentoProfissionalViews	0	revenue,expense,payroll,tax,invoice,client		ProfissionalDataSaida	
AlocacaoRecebimentoTabeladoClienteViews	0	revenue,client		Data	
AlocacaoRecebimentoTabeladoJuncaoViews	0	revenue,client			
AlocacaoRecebimentoTotalDetalheViews	0	revenue,expense,client			
AlocacaoRecebimentoTotalViews	0	revenue,expense,invoice,client		PeriodoRecebimento	
AlocacaoRecebimentoTransferenciaClienteViews	5	revenue,expense,payroll,tax,invoice,client	Id,Tipo,ClienteId,ClienteCodigo,ClienteCodigoSimplificado,ClienteClienteRaiz,ClienteCodigoNumerico,ClientePessoaNome,CasoId,CasoCodigo,CasoCodigoSimplificado,CasoCodigoNumerico,CasoAssunto,CasoProfissionalRevisorId,CasoProfissionalRevisorSigla	PeriodoRecebimento	
AlocacaoRecebimentoTransferenciaJuncaoViews	0	revenue,expense,payroll,tax,invoice,client		PeriodoRecebimento	
AlocacaoRecebimentoViews	0	revenue,expense,payroll,tax,invoice,client		ProfissionalDataSaida,DataAlocacao,DataInclusao,DataAlteracao	
AlteracaoResponsavelLoteViews	0			DataInclusao	
AndamentoGridViews	0	expense,client		Data,DataInclusao,DataAlteracao	
AndamentoPadraoViews	0			DataInclusao,DataAlteracao	
AndamentoViews	0	client		Data,DataInclusao,DataAlteracao,AssuntoDataDistribuicao	
AnexoViews	0			DataAlteracaoDocumento,DataInclusao,DataAlteracao,DataAlteracaoDoc	
AprovacaoCaixinhaViews	0	payroll,tax,client		Data,DataRevisao,DataInclusao,DataAlteracao	
AprovacaoDespesaViews	5	expense,payroll,tax,client	Id,Data,ProfissionalId,ProfissionalCodigo,ProfissionalSigla,ProfissionalPessoaNome,ProfissionalPessoaNomeFantasia,PrestacaoContaItemSituacao,ProfissionalRevisorId,ProfissionalRevisorCodigo,ProfissionalRevisorSigla,ProfissionalRevisorPessoaNome,Tipo,TipoPrestacaoContasId,TipoPrestacaoContasCodigo	Data,DataInclusao,DataAlteracao	
AreaDeTrabalhoViews	5		Id,PerfilId,ComponenteId,ComponenteFonteLayoutDescricao,PerfilNome,UsuarioInclusao,DataAlteracao,UsuarioAlteracao,DataInclusao	DataAlteracao,DataInclusao	
AreaInteresseViews	0			DataInclusao,DataAlteracao	
AreaJuridicaViews	5		Id,Codigo,Nome,Sigla,Ativo,DataInativo,Processo,DataInclusao,UsuarioInclusao,DataAlteracao,UsuarioAlteracao,Selecionado	DataInclusao,DataAlteracao	
AreaTipoAtividadeViews	0			DataInclusao,DataAlteracao	
ArmarioViews	0			DataInclusao,DataAlteracao	
AssuntoCnjViews	5		Id,Descricao,Codigo,ObjetoId,ObjetoDescricao,TipoAcaoId,TipoAcaoDescricao,DataInclusao,UsuarioInclusao,DataAlteracao,UsuarioAlteracao	DataInclusao,DataAlteracao	Codigo
AssuntoConfiguracaoViews	0			DataInclusao,DataAlteracao	
AssuntoGridViews	1	payroll,tax,client	CasoClienteCodigo,CasoClienteClienteRaiz,CasoClienteCodigoSimplificado,CasoClientePessoaNome,CasoClientePessoaNomeFantasia,CasoCodigo,CasoCodigoSimplificado,CasoId,CasoAssunto,CasoClienteId,NumeroProcesso,ValidarCNJ,NumerosProcesso,TipoAcaoDescricao,TipoAssuntoCodigo	DataInclusao,DataAlteracao,DataEntrada	
AssuntoPastaFisicaViews	0	payroll,tax,client		CasoDataAbertura,DataInativo,DataAbertura,UltimaAtualizacaoMovimentacao,DataInclusao,DataAlteracao,PastaFisicaMovimentacaoDataDevolucao,CasoDataEncerramento	
AssuntoRegraViews	0	tax		DataInclusao,DataAlteracao	
AssuntoResponsavelViews	0	expense,payroll,tax		ProfissionalDataSaida,DataInclusao,DataAlteracao	
AssuntoSearchModalViews	1	client	CasoId,CasoCodigo,CasoCodigoSimplificado,CasoAssunto,CasoClienteId,CasoClienteCodigo,CasoClienteClienteRaiz,CasoClientePessoaNome,NumeroProcesso,NumerosProcesso,Situacao,TipoAcaoId,TipoAcaoDescricao,ExtraData,Id		
AssuntoViews	1	payroll,tax,client,amortization	CasoClienteId,CasoClienteCodigo,CasoClientePessoaId,CasoClientePessoaNome,CasoClientePessoaTipo,CasoClienteClienteRaiz,CasoClienteCodigoSimplificado,CasoClienteEBillingEmpresaEbillingDocumentoId,CasoId,CasoCodigo,CasoCodigoSimplificado,CasoAssunto,CasoCasoContratoCodigo,CasoCasoContratoAssunto,CasoCasoMaeAssunto	DataEntrada,DataDistribuicao,DataInclusao,DataAlteracao	
AssuntoVinculoViews	0	client		AssuntoDataDistribuicao,DataInclusao	
AtoGerencialViews	0			DataInclusao,DataAlteracao	
AtoRegraViews	0	tax		DataInclusao,DataAlteracao	
AtoViews	5		Id,Codigo,Descricao,SugestaoDescricao,Situacao,FaseId,FaseDescricao,DataInclusao,UsuarioInclusao,DataAlteracao,UsuarioAlteracao,CadastroPerfilIds,SugestaoValor,QuantPalavrasChave	DataInclusao,DataAlteracao	
AutoAprovacaoViews	0	expense		DataInclusao,DataAlteracao	
BancoViews	5		Id,Codigo,Nome,NomeCompleto,BCodigo,DataInclusao,UsuarioInclusao,DataAlteracao,UsuarioAlteracao	DataInclusao,DataAlteracao	
BaseLoyAreaJuridicaViews	0			DataInclusao,DataAlteracao	
BaseLoyViews	0			DataInclusao,DataAlteracao	
BusinessPlanCategoriaViews	0	budget		DataInclusao,DataAlteracao	
BusinessPlanConsolidadoProfissionalViews	0	payroll,tax,budget		DataInclusao,DataAlteracao,DataAnoMes	
BusinessPlanCustoViews	0	expense,payroll,tax,budget		DataInclusao,DataAlteracao	
BusinessPlanProfissionalViews	0	expense,payroll,tax,budget		DataAnoMes,DataInclusao,DataAlteracao	
BusinessPlanViews	0	revenue,payroll,tax,budget		DataPeriodoInicial,DataPeriodoFinal,DataAnoMes,DataEncerramento,DataReabertura,DataInclusao,DataAlteracao	
CabecalhoAssuntoViews	0			DataInclusao,DataAlteracao	
CadastroPerfilViews	0				
CaixinhaViews	0	payroll,tax,client		Data,DataRevisao,DataFechamento,DataInclusao,DataAlteracao	
CalculoViews	0			DataInclusao,DataAlteracao	
CampanhaViews	0			DataInclusao,DataAlteracao	
CampoModeloTelaViews	0				
CampoModeloViews	0				
CargoFavoritoViews	0				
CargoViews	0			DataInclusao,DataAlteracao	
CasoAlocacaoViews	5	expense,payroll,tax,client	Id,Codigo,CodigoNumerico,ClienteId,ClienteCodigo,ClienteCodigoNumerico,ClientePessoaNome,ClientePessoaNomeFantasia,ClienteClienteRaiz,ClienteCodigoSimplificado,ClienteSituacao,ClienteEBillingEmpresaEbillingDocumentoId,Assunto,ObservacaoCadastro,EscritorioId	DataAbertura,DataEncerramento,DataInclusao,DataAlteracao	
CasoContratoViews	5	client	Id,Codigo,CasoId,ContratoId,ContratoCodigo2,DataInclusao,UsuarioInclusao,DataAlteracao,UsuarioAlteracao,OrigemAlteracao	DataInclusao,DataAlteracao	
CasoEmLoteViews	5	payroll,tax,client	Id,CasoId,CasoCodigo,CasoCodigoNumerico,CasoCodigoSimplificado,CasoClienteId,CasoClienteCodigo,CasoClienteClienteRaiz,CasoClienteCodigoSimplificado,CasoClientePessoaNome,CasoClientePessoaNomeFantasia,CasoProfissionalResponsavelId,CasoProfissionalResponsavelCodigo,CasoProfissionalResponsavelSigla,CasoProfissionalResponsavelPessoaNome	DataLimite,CasoDataAbertura,CasoDataEncerramento	
CasoFaturamentoViews	5	revenue,invoice,client	CasoId,CasoCodigo,CasoCodigoSimplificado,CasoCodigoNumerico,CasoAssunto,CasoClienteId,CasoClienteCodigo,CasoClienteClienteRaiz,CasoClienteCodigoSimplificado,CasoClienteCodigoNumerico,CasoClientePessoaNome,CasoClientePessoaNomeFantasia,CasoClienteObservacaoFaturamento,ValorBase,ValorLimite		
CasoFavoritoViews	5	payroll,tax,client	Id,CasoId,CasoCodigo,CasoCodigoSimplificado,CasoAssunto,CasoCodigoNumerico,CasoSituacaoJuridica,CasoAreaJuridicaId,CasoClienteId,CasoClienteCodigo,CasoClienteCodigoNumerico,CasoClientePessoaNome,CasoClientePessoaNomeFantasia,CasoClienteClienteRaiz,CasoClienteCodigoSimplificado	DataInclusao,DataAlteracao	
CasoFixoFaixaProfissionalViews	0	payroll,tax,client		DataInclusao,DataAlteracao	
CasoFixoFaixaViews	0	payroll,tax,client		DataInclusao,DataAlteracao	
CasoFixoViews	0	client		DataAnoMesInicial,DataAnoMesFinal,DataInclusao,DataAlteracao	
CasoMaeFilhoViews	5	expense,client	Id,Codigo,CodigoNumerico,ClienteId,ClienteCodigo,ClienteCodigoNumerico,ClientePessoaNome,ClientePessoaNomeFantasia,ClienteSituacao,ClienteClienteRaiz,ClienteCodigoSimplificado,ClienteEBillingEmpresaEbillingDocumentoId,Assunto,AreaJuridicaId,ObservacaoCadastro	DataAbertura,DataEncerramento	
CasoParcelasViews	5	payroll,tax,client	Id,Selecionado,CasoId,CasoCodigoNumerico,CasoCodigo,CasoCodigoSimplificado,CasoAssunto,CasoClienteCodigoNumerico,CasoClienteCodigo,CasoClienteClienteRaiz,CasoClienteCodigoSimplificado,CasoClientePessoaNome,CasoClientePessoaNomeFantasia,CasoProfissionalRevisorId,CasoProfissionalRevisorSigla	DataVencimento,DataInicial,DataFinal,DataInclusao,DataAlteracao	
CasoParticipacaoViews	5	client	Id,Codigo,CasoId,TipoOriginacaoId,TipoOriginacaoDescricao,Tipo,PessoaId,PessoaNome,PessoaNomeFantasia,Participacao,DataInicial,DataFinal,Selecionado,DataInclusao,UsuarioInclusao	DataInicial,DataFinal,DataInclusao,DataAlteracao	
CasoPastaFisicaViews	0	payroll,tax,client		CasoDataAbertura,DataInativo,DataAbertura,UltimaAtualizacaoMovimentacao,DataInclusao,DataAlteracao,PastaFisicaMovimentacaoDataDevolucao,CasoDataEncerramento	
CasoTipoAtividadeViews	5	client	Id,Codigo,CasoId,CasoAssunto,TipoAtividadeId,TipoAtividadeDescricao,DataInclusao,UsuarioInclusao,DataAlteracao,UsuarioAlteracao	DataInclusao,DataAlteracao	
CasoTipoDespesaViews	5	expense,client	Id,Codigo,CasoId,CasoAssunto,TipoDespesaId,TipoDespesaDescricao,DataInclusao,UsuarioInclusao,DataAlteracao,UsuarioAlteracao	DataInclusao,DataAlteracao	
CasoViews	5	revenue,expense,payroll,tax,invoice,client	Id,Codigo,ClienteCodigoSimplificado,CodigoNumerico,ClienteId,ClienteCodigo,ClienteCodigoNumerico,ClientePessoaNome,ClientePessoaNomeFantasia,ClienteSituacao,ClienteClienteRaiz,ClienteClienteEscritorio,ClienteLoja,ClienteIdiomaRelatorioId,ClienteUtilizaEBilling	DataAbertura,DataEncerramento,DataInclusao,DataAlteracao	
CasosRevisaoFixoViews	5	client	Id,CasoId,Assunto,Codigo,CodigoSimplificado,CodigoNumerico,ClientePessoaNome,ClientePessoaNomeFantasia,SituacaoJuridica,ClienteId,ClienteCodigo,ClienteCodigoSimplificado,ClienteCodigoNumerico,DataEncerramento,IdiomaRelatorioDescricao	DataEncerramento	
CategoriaCompromissoViews	0	tax		DataInclusao,DataAlteracao	
CategoriaMovimentacaoFinanceiraViews	4		Id,Titulo,Nome,ExibirDetalhe,Tipo,DataInclusao,UsuarioInclusao,DataAlteracao,UsuarioAlteracao	DataInclusao,DataAlteracao	
CategoriaRhViews	0	payroll		DataInclusao,DataAlteracao	
CategoriaViews	5	budget	Id,Codigo,Nome,Sigla,MetaPadrao,Tecnico,Ativo,LimiteHoras,PeriodoConcessivo,DiasPermitidos,MetaHoras,DataInclusao,UsuarioInclusao,DataAlteracao,UsuarioAlteracao	DataInclusao,DataAlteracao	
CelulaViews	0			DataInclusao,DataAlteracao	
ChamadaViews	5		Id,ServicoWebId,ServicoWebNome,Nome,Url,ParametroUrl,EstruturaChamada,EstruturaResposta,TipoRetorno,VersaoEstrutra,IgnorarArray,MetodoWsdl,RespostaWsdl,Culture,DataInclusao	DataInclusao,DataAlteracao	
ChecagemConflitoViews	0	payroll,tax		DataPesquisa,DataInclusao,DataAlteracao	
CheckinEmailViews	0	payroll,tax		Data,DataInclusao,DataAlteracao	
CheckinMovimentacaoViews	0			Data,DataInclusao,DataAlteracao	
CheckinViews	0	payroll,tax		Data,DataInclusao,DataAlteracao	
CidadeViews	5		Id,Codigo,Nome,PaisId,PaisNome,EstadoId,EstadoNome,EstadoSigla,Tipo,Ativo,ChaveCnj,CodigoTotvs,DataInclusao,UsuarioInclusao,DataAlteracao	DataInclusao,DataAlteracao	
CivelAssuntoViews	1	payroll,tax,client	CasoClienteId,CasoClienteCodigo,CasoClientePessoaId,CasoClientePessoaNome,CasoClientePessoaTipo,CasoClienteClienteRaiz,CasoClienteCodigoSimplificado,CasoClienteEBillingEmpresaEbillingDocumentoId,CasoId,CasoCodigo,CasoCodigoSimplificado,CasoAssunto,CasoCasoContratoCodigo,CasoCasoContratoAssunto,CasoCasoMaeAssunto	DataEntrada,DataDistribuicao	
ClasseCnjViews	5		Id,Descricao,Codigo,TipoAcaoId,TipoAcaoDescricao,RitoId,RitoDescricao,AreaJuridicaId,AreaJuridicaNome,DataInclusao,UsuarioInclusao,DataAlteracao,UsuarioAlteracao	DataInclusao,DataAlteracao	Codigo
ClassificacaoBairroViews	5		Id,Codigo,Descricao,CodigoPrefeitura,DataInclusao,UsuarioInclusao,DataAlteracao,UsuarioAlteracao	DataInclusao,DataAlteracao	
ClassificacaoDespesaViews	0	expense		DataInclusao,DataAlteracao	
ClienteContatoViews	0	payroll,tax,client		DataInclusao,DataAlteracao	
ClienteCrystalViews	5	revenue,payroll,tax,invoice,client	Id,Existente,Codigo,CodigoNumerico,PessoaId,PessoaTipo,PessoaCnpjCpf,PessoaNome,PessoaNomeFantasia,PessoaNomeFantasiaOriginal,Situacao,DataAbertura,DataEncerramento,TipoCliente,SituacaoCadastro	DataAbertura,DataInclusao,DataAlteracao	ClientePagadoresCount
ClienteEmLoteViews	5	payroll,tax,client	Id,ClienteId,ClienteCodigo,ClienteCodigoSimplificado,ClienteClienteRaiz,ClientePessoaNome,ClientePessoaNomeFantasia,ClienteProfissionalResponsavelId,ClienteProfissionalResponsavelSigla,ClienteProfissionalResponsavelPessoaNome,ClienteProfissionalResponsavelPessoaNomeFantasia,QuantidadeCasosAtivos,QuantidadeCasos,ClienteSituacao,DataLimite	DataLimite,ClienteDataAbertura	
ClientePagadorViews	5	client	Id,PessoaExistente,ContatoExistente,EnderecoExistente,PadraoCliente,PessoaNome,Codigo,CodigoPagador,ClienteId,ClienteCodigoNumerico,ClienteClienteRaiz,PessoaTipo,PessoaCnpjCpf,PessoaInscricaoEstadual,PessoaInscricaoMunicipal	DataInclusao,DataAlteracao	PessoaClientesCount
ClienteParticipacaoViews	0	client		DataInicial,DataFinal,DataInclusao,DataAlteracao	
ClienteViews	5	revenue,payroll,tax,invoice,client	Id,Existente,Codigo,CodigoNumerico,PessoaId,PessoaTipo,PessoaCnpjCpf,PessoaNome,PessoaNomeFantasia,PessoaNomeFantasiaOriginal,Situacao,DataAbertura,DataEncerramento,TipoCliente,SituacaoCadastro	DataAbertura,DataInclusao,DataAlteracao	ClientePagadoresCount
ClientesRevisaoFixoViews	5	client	Id,ClienteId,Codigo,CodigoNumerico,PessoaNome,PessoaNomeFantasia,Situacao,ClienteRaiz,CodigoSimplificado		
ComarcaEstadoViews	0			DataInclusao,DataAlteracao	
ComarcaFavoritoViews	0				
ComarcaViews	5		Id,Codigo2,PaisId,PaisNome,EstadoId,EstadoNome,EstadoSigla,Ativo,Tipo,Nome,ChaveCnj,CodigoTotvs,DataInclusao,UsuarioInclusao,DataAlteracao	DataInclusao,DataAlteracao	
ComponenteUsuarioViews	5		Id,UsuarioId,ComponenteId,PerfilId		
ComponenteViews	5		FonteLayoutDescricao,Id		
CompromissoResponsavelViews	1	expense,payroll,tax	ProfissionalId,ProfissionalSigla,ProfissionalPessoaNome,ProfissionalDataSaida,IdCompromissoOutlook,TipoResponsabilidadeId,TipoResponsabilidadeDescricao,TipoResponsabilidadePrincipal,TipoResponsabilidadeTipo,Editando,ProfissionalPessoaNomeFantasia,DataInclusao,UsuarioInclusao,DataAlteracao,UsuarioAlteracao	ProfissionalDataSaida,DataInclusao,DataAlteracao	
CompromissoViews	1	expense,payroll,tax,client	AssuntoCasoClienteId,AssuntoCasoId,AssuntoId,AssuntoPoloAtivoPrincipal,AssuntoPoloPassivoPrincipal,AssuntoCorrespondenteId,AssuntoValidarCNJ,DesdobramentoId,DesdobramentoTipoAcaoDescricao,DesdobramentoNumeroProcesso,DesdobramentoValidarCNJ,TipoCompromissoId,TipoCompromissoDescricao,TipoCompromissoSugestaoDescricao,TipoCompromissoSituacaoOutlook	Data,DataAlteracao,DataInclusao,AssuntoDataDistribuicao,AssuntoDataEntrada	AnexosCount
CompromissoWorkflowLogViews	0	tax			
CondicaoPagamentoViews	5	expense	Id,Codigo,Descricao,Ativo,DataInclusao,UsuarioInclusao,DataAlteracao,UsuarioAlteracao	DataInclusao,DataAlteracao	
ConfiguracaoAssuntoPerfilViews	0			DataInclusao,DataAlteracao	
ConfiguracaoAssuntoViews	3		Id,Nome,Configuracao,DataInclusao,UsuarioInclusao,DataAlteracao,UsuarioAlteracao	DataInclusao,DataAlteracao	
ConfiguracaoDesdobramentoViews	0			DataInclusao,DataAlteracao	
ConfiguracaoUsuarioViews	1	payroll,tax	Id,LicencaId,PreferenciaId,UsuarioId,UsuarioNome,ProfissionalSigla,ProfissionalCodigo,Nome,Valor,DataInclusao,UsuarioInclusao,DataAlteracao,UsuarioAlteracao,Selecionado,PreferenciaOpcaoUsuario	DataInclusao,DataAlteracao	
ConflitoAvaliacaoViews	0	payroll,tax		DataInclusao,DataAlteracao	
ConflitoInteresseViews	0	payroll,tax,client		DataPrevisao,DataInclusao,DataAlteracao	
ConsultivoAndamentoGridViews	0	client		Data,DataInclusao,DataAlteracao	
ConsultivoAndamentoViews	0	client		Data,DataInclusao,DataAlteracao	
ConsultivoAssuntoGridViews	1	payroll,tax,client	CasoClienteCodigo,CasoClienteCodigoSimplificado,CasoClientePessoaNome,CasoCodigo,CasoCodigoSimplificado,CasoAssunto,NomeConsulta,ObjetoDescricao,ObjetoId,Situacao,Tipo,ProfissionalCor,CompromissoSituacaoCompromissoSituacao,CompromissoTipoCompromissoCategoriaCompromissoId,CompromissoTipoCompromissoCategoriaCompromissoTipoCategoria	DataEntrada,DataInclusao,DataAlteracao	
ConsultivoAssuntoViews	1	payroll,tax,client	CasoClienteId,CasoClienteCodigo,CasoClientePessoaId,CasoClientePessoaNome,CasoClientePessoaTipo,CasoClienteClienteRaiz,CasoClienteCodigoSimplificado,CasoClienteEBillingEmpresaEbillingDocumentoId,CasoId,CasoCodigo,CasoCodigoSimplificado,CasoAssunto,CasoCasoContratoCodigo,CasoCasoContratoAssunto,CasoCasoMaeAssunto	DataEntrada	
ConsultivoCompromissoViews	1	expense,payroll,tax,client	AssuntoCasoClienteId,AssuntoCasoId,AssuntoId,TipoCompromissoId,TipoCompromissoDescricao,TipoCompromissoSituacaoOutlook,Data,Hora,Duracao,SituacaoCompromissoId,SituacaoCompromissoDescricao,SituacaoCompromissoExcluirLembreteOutlook,Descricao,AssuntoTipo,AssuntoProfissionalCor	Data,DataAlteracao,DataInclusao,AssuntoDataDistribuicao	AnexosCount
ConsultivoEnvolvidoViews	0	payroll,tax,client		DataInclusao,DataAlteracao	
ConsumoOrcamentoProjetoEscritorioGrupoJuridicoViews	0	payroll,tax,budget			
ConsumoOrcamentoProjetoEscritorioViews	0	payroll,tax,budget			
ConsumoOrcamentoProjetoGerenciaViews	0	payroll,tax,budget			
ConsumoOrcamentoProjetoGrupoJuridicoViews	0	payroll,tax,budget			
ConsumoOrcamentoProjetoItemDespesaViews	0	expense,budget		DataDocumento	
ConsumoOrcamentoProjetoItemViews	0	payroll,tax,budget			
ConsumoOrcamentoProjetoViews	0	payroll,tax,budget			
ContaViews	0			DataInclusao,DataAlteracao	
ContatoViews	0	payroll,tax,client			
ContratoViews	5	client	Id,Nome,ClienteId,ClienteCodigo,ClienteCodigoSimplificado,ClienteClienteRaiz,ClientePessoaNome,ClientePessoaNomeFantasia,TipoCobrancaDescricao,SugereLd,Situacao,Codigo2,Ativo,Codigo		
ContratosAndamentoGridViews	0	client		Data,DataInclusao,DataAlteracao	
ContratosAndamentoViews	0	client		Data,DataInclusao,DataAlteracao,AssuntoVigenciaInicio,AssuntoVigenciaTermino	
ContratosAssuntoGridViews	1	payroll,tax,client	CasoClienteCodigo,CasoClienteCodigoSimplificado,CasoClientePessoaNome,CasoCodigo,CasoCodigoSimplificado,CasoAssunto,Situacao,Tipo,ProfissionalCor,CompromissoSituacaoCompromissoSituacao,CompromissoTipoCompromissoCategoriaCompromissoId,CompromissoTipoCompromissoCategoriaCompromissoTipoCategoria,AssuntoPeticionamentoEletronicoEtapa,Identificador,NumeroRegistro	DataEntrada,DataInclusao,DataAlteracao	
ContratosAssuntoViews	1	payroll,tax,client,amortization	CasoClienteId,CasoClienteCodigo,CasoClientePessoaId,CasoClientePessoaNome,CasoClientePessoaTipo,CasoClienteClienteRaiz,CasoClienteCodigoSimplificado,CasoClienteEBillingEmpresaEbillingDocumentoId,CasoId,CasoCodigo,CasoCodigoSimplificado,CasoAssunto,CasoCasoContratoCodigo,CasoCasoContratoAssunto,CasoCasoMaeAssunto	DataEntrada	
ContratosCompromissoViews	1	expense,payroll,tax,client	AssuntoCasoClienteId,AssuntoCasoId,AssuntoId,TipoCompromissoId,TipoCompromissoDescricao,TipoCompromissoSituacaoOutlook,Data,Hora,Duracao,SituacaoCompromissoId,SituacaoCompromissoDescricao,SituacaoCompromissoExcluirLembreteOutlook,Descricao,AssuntoTipo,AssuntoProfissionalCor	Data,DataAlteracao,DataInclusao,AssuntoDataDistribuicao	AnexosCount
CorrecaoMonetariaCamposViews	0			DataInclusao,DataAlteracao	
CorrespondenteAdvogadoViews	1		Id,Nome,CorrespondenteId		
CorrespondenteClienteViews	0	client		DataInclusao,DataAlteracao	
CorrespondenteComarcaViews	0			DataInclusao,DataAlteracao	
CorrespondenteViews	1	payroll,tax,client	Id,Existente,Codigo,PessoaId,PessoaTipo,PessoaCnpjCpf,PessoaNome,PessoaNomeFantasia,PessoaNomeFantasiaOriginal,PessoaEmpresasCount,PessoaClientesCount,PessoaEnvolvidosCount,PessoaJuizCount,PessoaProfissionaisCount,PessoaPrepostosCount	DataInclusao,DataAlteracao	PessoaEmpresasCount,PessoaClientesCount,PessoaEnvolvidosCount,PessoaJuizCount,PessoaProfissionaisCount,PessoaPrepostosCount,AssuntosCount
CotacaoAprovacaoViews	0	expense,payroll,tax		CotacaoDataReprovacao,CotacaoDataInclusao	
CotacaoFornecedorAprovacaoViews	0	payroll,tax			
CotacaoFornecedorViews	0	expense,payroll,tax		DataEntrega,DataAprovacao,DataInclusao,DataAlteracao,CotacaoDataInclusao	
CotacaoViews	0	payroll,tax		DataInclusao,DataAlteracao,DataReprovacao	
CriminalAssuntoGridViews	1	payroll,tax,client	CasoClienteCodigo,CasoClienteCodigoSimplificado,CasoClientePessoaNome,CasoCodigo,CasoCodigoSimplificado,CasoAssunto,NumeroProcesso,ValidarCNJ,NumerosProcesso,DetalhamentoObjeto,NumeroInquerito,CidadeEstadoSigla,CidadeNome,CidadeId,ForoId	DataEntrada,DataInclusao,DataAlteracao	
CriminalAssuntoViews	1	payroll,tax,client	CasoClienteId,CasoClienteCodigo,CasoClientePessoaId,CasoClientePessoaNome,CasoClientePessoaTipo,CasoClienteClienteRaiz,CasoClienteCodigoSimplificado,CasoClienteEBillingEmpresaEbillingDocumentoId,CasoId,CasoCodigo,CasoCodigoSimplificado,CasoAssunto,CasoCasoContratoCodigo,CasoCasoContratoAssunto,CasoCasoMaeAssunto	DataEntrada,DataDistribuicao	
CultureViews	248		Id,Name		
CustoCategoriaViews	0	expense,payroll		DataAnoMes,DataInclusao,DataAlteracao	
CustoProfissionalViews	0	expense,payroll,tax		DataAnoMes,DataInclusao,DataAlteracao	
DecisaoViews	0			DataInclusao,DataAlteracao	
DepartamentoSolicitanteViews	0			DataInclusao,DataAlteracao	
DepositoViews	0			DataInclusao,DataAlteracao	
DescarteSaldoHoraViews	0	expense,payroll,tax,client		ProfissionalDataSaida,DataDescarte,DataInclusao,DataAlteracao	
DesdobramentoCamposViews	0			DataInclusao,DataAlteracao	
DesdobramentoResponsavelViews	0	payroll,tax		DataInclusao,DataAlteracao	
DesdobramentoViews	0	client		DataDistribuicao,DataDecisao,DataEncerramento,DataInclusao	
DespFavoritoViews	0	client		DataEncerramento	
DespesaCorrespondenteViews	0	expense,tax,client		Data,DataInclusao,DataAlteracao	
DevolucaoRemanejamentoProjetoViews	0	expense			
DicionarioModeloTelaViews	1		Id,DicionarioTabelaId,DicionarioTabelaNome,DicionarioTabelaDescricao,PerfilId,PerfilNome,Contexto,Campos,UsuarioInclusao,DataInclusao,DataAlteracao,UsuarioAlteracao,TipoAssuntoId	DataInclusao,DataAlteracao	
DicionarioSensivelModeloViews	0			DataInclusao,DataAlteracao	
DicionarioSensivelViews	5		Id,ModeloTelaId,ModeloTelaTitulo,Campo,PerfilId,PerfilNome,PerfilCodigo,Ativo,Padrao,Contexto,TipoAssuntoId,TipoAssuntoNome,ValorSubs,DataInclusao,UsuarioInclusao	DataInclusao,DataAlteracao	
DiscrepanciaItemViews	0	expense,payroll,tax		DataAlteracao,DataInclusao	
DiscrepanciaViews	0			DataVencimento,DataAlteracao,DataInclusao	
DisplayCampoModeloTelaViews	0				
EBillingAtividadeViews	0			DataInclusao,DataAlteracao	
EBillingDocumentoValorPadraoViews	0			DataInclusao,DataAlteracao	
EBillingDocumentoViews	0			DataInclusao,DataAlteracao	
EBillingEmpresaViews	0			DataInclusao,DataAlteracao	
EBillingFaseViews	0			DataInclusao,DataAlteracao	
EbillingTarefaViews	0			DataInclusao,DataAlteracao	
EmpresaClienteViews	1	client	Id,EmpresaJuridicoId,EmpresaJuridicoPessoaId,EmpresaJuridicoPessoaNome,EmpresaJuridicoPessoaCnpjCpf,EmpresaJuridicoPessoaTipo,Codigo,ClienteId,ClientePessoaNome,ClienteCodigo,ClienteCodigoSimplificado,ClienteClienteRaiz,DataInclusao,UsuarioInclusao,DataAlteracao	DataInclusao,DataAlteracao	
EmpresaJuridicoViews	1	payroll,tax,client	Id,Existente,Codigo,EmpresaClienteClientePessoaNome,PessoaId,PessoaManutencaoDbm,PessoaTipo,PessoaCnpjCpf,PessoaNome,PessoaNomeFantasia,PessoaNomeFantasiaOriginal,GrupoEmpresaJuridicoId,GrupoEmpresaJuridicoNome,PessoaClientesCount,PessoaCorrespondentesCount	DataInclusao,DataAlteracao	PessoaClientesCount,PessoaCorrespondentesCount,PessoaJuizCount,PessoaProfissionaisCount,PessoaPrepostosCount,PessoaEnvolvidosCount
EmpresaViews	1		Id,Codigo,RazaoSocial,NomeFantasia,Site,Virtual,DataInclusao,UsuarioInclusao,DataAlteracao,UsuarioAlteracao	DataInclusao,DataAlteracao	
EmprestimoPastaFisicaViews	0	client		DataInclusao,DataAlteracao	
EnvioEmailViews	0				
EnvolvidoGridViews	0	payroll,tax,client			
EnvolvidoViews	0	payroll,tax,client		DataInclusao,DataAlteracao	
EscritorioViews	2		Id,Codigo,Nome,Ativo,DataInativo,EmpresaId,EmpresaNomeFantasia,EmpresaCodigo,EmpresaRazaoSocial,DataInclusao,UsuarioInclusao,DataAlteracao,UsuarioAlteracao,Selecionado,Sigla	DataInclusao,DataAlteracao	
EstadoViews	5		Id,Codigo,Nome,Sigla,PaisId,PaisNome,DataInclusao,UsuarioInclusao,DataAlteracao,UsuarioAlteracao	DataInclusao,DataAlteracao	
ExcecaoCorteTimesheetViews	0	payroll,tax,client		DataInicial,DataFinal,DataLimite,DataInclusao,DataAlteracao	
ExcecaoProfissionalPagamentoViews	0	expense,payroll,tax		DataAnoMesInicial,DataAnoMesFinal,DataInclusao,DataAlteracao	
ExcecaoReceitaAlocacaoViews	0	revenue,client		DataAnoMes,DataInclusao,DataAlteracao	
ExcecaoRevisorCasoViews	5	payroll,tax,client	Id,ProfissionalId,ProfissionalSigla,ProfissionalPessoaNome,DataTermino,CasoClienteId,CasoClienteCodigo,CasoClienteClienteRaiz,CasoClienteCodigoSimplificado,CasoClienteCodigoNumerico,CasoClientePessoaNome,CasoClientePessoaNomeFantasia,CasoId,CasoCodigo,CasoCodigoSimplificado	DataTermino,DataAlteracao,DataInclusao	
ExportacaoModeloColunaViews	5		Id,ExportacaoModeloId,Model,PropertyName,ParentJoins,Display,Position,DataInclusao,UsuarioInclusao,DataAlteracao,UsuarioAlteracao	DataInclusao,DataAlteracao	
ExportacaoModeloPerfilViews	5		Id,ExportacaoModeloId,PerfilId,DataInclusao,UsuarioInclusao,DataAlteracao,UsuarioAlteracao	DataInclusao,DataAlteracao	
ExportacaoModeloViews	0			DataInclusao,DataAlteracao	
FaseViews	5		Id,Codigo,Descricao,Prioridade,DataInclusao,UsuarioInclusao,DataAlteracao,UsuarioAlteracao,CadastroPerfilIds	DataInclusao,DataAlteracao	
FaturaCasoViews	5	revenue,expense,tax,invoice,client	Id,FaturaId,FaturaEscritorioId,FaturaNumero,FaturaRazaoSocial,FaturaDataEmissao,FaturaDataCancelamento,FaturaSituacao,CasoId,CasoClienteCodigoNumerico,CasoClienteClienteRaiz,CasoClienteCodigoSimplificado,CasoClientePessoaNome,CasoCodigo,CasoCodigoSimplificado	FaturaDataEmissao,FaturaDataCancelamento	
FaturaRedacaoViews	5	revenue,expense,payroll,tax,invoice,client	Id,Numero,EscritorioId,EscritorioNome,Tipo,MoedaDescricao,Situacao,DataEmissao,DataVencimento,DataCancelamento,DataRefInicialHon,DataRefFinalHon,CobHonorarios,ValorHonorarios,ValorDesconto	DataEmissao,DataVencimento,DataCancelamento,DataRefInicialHon,DataRefFinalHon,DataInclusao,DataAlteracao	
FaturaViews	5	revenue,expense,payroll,tax,invoice,client	Id,Numero,EscritorioId,EscritorioNome,Tipo,MoedaDescricao,Situacao,DataEmissao,DataVencimento,DataCancelamento,DataRefInicialHon,DataRefFinalHon,CobHonorarios,ValorHonorarios,ValorDesconto	DataEmissao,DataVencimento,DataCancelamento,DataRefInicialHon,DataRefFinalHon,DataInclusao,DataAlteracao	
FaturamentoOcorrenciaDicionarioViews	5	revenue,invoice	Id,CampoProtheus,CampoLegalDesk,Entidade,Configuracao,Codigo,DataInclusao,UsuarioInclusao,DataAlteracao,UsuarioAlteracao	DataInclusao,DataAlteracao	
FeriadoViews	5		Id,Codigo,Descricao,EscritorioId,EscritorioNome,EscritorioCodigo,Tipo,Data,QuantidadeHoras,Ano,Mes,Dia,DataInclusao,UsuarioInclusao,DataAlteracao	Data,DataInclusao,DataAlteracao	
FilaEtiquetaViews	0	payroll,tax,client			
FilaImpressaoViews	0	payroll,tax,client		AssuntoDataDistribuicao,DataInclusao,DataAlteracao	
FiltroGridViews	0				
FonteLayoutViews	5		Descricao,Id		
FormaCorrecaoAreaViews	0			DataInclusao,DataAlteracao	
FormaCorrecaoViews	0			DataInclusao,DataAlteracao	
FornecedorContaViews	5		Id,FornecedorId,FornecedorPessoaNome,BancoNome,BancoId,BancoBCodigo,Agencia,Conta,Ativo,UsuarioInclusao,DataAlteracao,UsuarioAlteracao,DataInclusao,Codigo	DataAlteracao,DataInclusao	
FornecedorEnderecoViews	5		PessoaEnderecoPessoaNome,PessoaEnderecoPessoaId,PessoaEnderecoPessoaCnpjCpf,PessoaEnderecoCelular,PessoaEnderecoTelefone,PessoaEnderecoEmail,PessoaEnderecoFax,PessoaEnderecoLogradouro,PessoaEnderecoNumero,PessoaEnderecoCEP,PessoaEnderecoComplemento,PessoaEnderecoBairro,PessoaEnderecoPaisId,PessoaEnderecoEstadoId,PessoaEnderecoEstadoNome		
FornecedorFavoritoViews	0	expense			
FornecedorPlanoContaCompletoViews	0			DataAlteracao,DataInclusao	
FornecedorPlanoContaViews	0			DataAlteracao,DataInclusao	
FornecedorViews	5	expense	Id,PessoaId,PessoaNome,PessoaNomeFantasia,PessoaTipo,Existente,PessoaCnpjCpf,MeioPagamentoId,MeioPagamentoDescricao,Ativo,UsuarioInclusao,DataAlteracao,UsuarioAlteracao,DataInclusao,Codigo	DataAlteracao,DataInclusao	
ForoViews	5		Id,Codigo,CidadeId,CidadeCodigo2,CidadeNome,CidadeEstadoSigla,Descricao,Instancia,Endereco,Ativo,TribunalId,TribunalNome,ChaveCnj,DataInclusao,UsuarioInclusao	DataInclusao,DataAlteracao	
GerenciaCentroCustoViews	0	expense		DataInclusao,DataAlteracao	
GerenciaRespViews	0				
GerenciaViews	0			DataInclusao,DataAlteracao	
GerencialDemonstrativoViews	5		Id,Descricao		
GlossarioViews	0			DataAlteracao,DataInclusao	
GrupoAvaliacaoConflitoViews	0	expense,payroll,tax		ProfissionalDataSaida,DataInclusao,DataAlteracao	
GrupoDespesaViews	0	expense		DataInclusao,DataAlteracao	
GrupoEmpresaJuridicoViews	1		Id,LicencaId,Codigo,Nome,GrupoPaiId,GrupoPaiNome,DataInclusao,UsuarioInclusao,DataAlteracao,UsuarioAlteracao	DataInclusao,DataAlteracao	
GrupoEmpresaViews	4		Id,LicencaId,Codigo,Nome,DataInclusao,UsuarioInclusao,DataAlteracao,UsuarioAlteracao	DataInclusao,DataAlteracao	
GrupoJuridicoProfissionalViews	1	payroll,tax	Id,Codigo,ProfissionalId,EscritorioId,EscritorioNome,EscritorioCodigo,GrupoJuridicoId,GrupoJuridicoNome,GrupoJuridicoCodigo,DataInclusao,UsuarioInclusao,DataAlteracao,UsuarioAlteracao	DataInclusao,DataAlteracao	
GrupoJuridicoRelatViews	5	payroll,tax	Id,Codigo,EscritorioId,EscritorioNome,EscritorioCodigo,Nome,Sigla,ProfissionalId,ProfissionalPessoaNome,ProfissionalSigla,ProfissionalCodigo,Ativo,DataInativo,EmailGrupo,DataInclusao	DataInativo,DataInclusao,DataAlteracao	
GrupoJuridicoResponsavelViews	0	payroll,tax		DataInclusao,DataAlteracao	
GrupoJuridicoViews	5	payroll,tax	Id,Codigo,EscritorioId,EscritorioNome,EscritorioCodigo,Nome,NomePadrao,Sigla,ProfissionalId,ProfissionalPessoaNome,ProfissionalSigla,ProfissionalCodigo,Ativo,DataInativo,EmailGrupo	DataInativo,DataInclusao,DataAlteracao	
GrupoMaterialProfissionalViews	0	payroll,tax		DataInclusao,DataAlteracao	
GrupoMaterialViews	5		Id,Codigo,Descricao,DataInclusao,UsuarioInclusao,DataAlteracao,UsuarioAlteracao	DataInclusao,DataAlteracao	
GrupoTrabalhoProfissionalViews	5	expense,payroll,tax	Id,Codigo,GrupoTrabalhoId,GrupoTrabalhoNome,ProfissionalId,ProfissionalPessoaNome,ProfissionalPessoaNomeFantasia,ProfissionalSigla,ProfissionalDataSaida,ProfissionalGrupoJuridicoNome,ProfissionalCategoriaNome,Tipo,GrupoTrabalhoGrupoOportunidades,DataInclusao,UsuarioInclusao	ProfissionalDataSaida	
GrupoTrabalhoViews	1	expense,payroll	Id,Nome,RespInclui,RespAltera,RespExclui,RespVisual,GrupoInclui,GrupoAltera,GrupoExclui,GrupoTimesheet,GrupoDespesa,GrupoAgenda,GrupoOportunidades,GrupoAssuntoJuridico,GrupoControlePrazo		
HistoricoDescarteSaldoHoraViews	0	expense,payroll,tax,client		ProfissionalDataSaida,DataDescarte,DataInclusao,DataAlteracao	
HonorarioCategoriaHistoricoViews	5	revenue,payroll	Id,Codigo,HonorarioHistoricoId,CategoriaId,CategoriaNome,ValorHora,HonorarioHistoricoSigla,HonorarioHistoricoAnoMesInicial,HonorarioHistoricoAnoMesFinal,DataInclusao,UsuarioInclusao,DataAlteracao,UsuarioAlteracao	DataInclusao,DataAlteracao	
HonorarioHistoricoViews	5	revenue	Id,Codigo,AnoMesInicial,AnoMesFinal,Sigla,MoedaId,MoedaCodigo,MoedaSigla,MoedaDescricao,Observacao,DataInclusao,UsuarioInclusao,DataAlteracao,UsuarioAlteracao,HonorarioId	DataInclusao,DataAlteracao	
HonorarioViews	5	revenue	Id,Sigla,MoedaId,MoedaCodigo,MoedaSigla,MoedaDescricao,Observacao,Codigo,DataInclusao,UsuarioInclusao,DataAlteracao,UsuarioAlteracao	DataInclusao,DataAlteracao	
IdiomaServicoViews	0			DataInclusao,DataAlteracao	
IdiomaTipoAtividadeViews	5		Id,Codigo,IdiomaId,IdiomaDescricao,TipoAtividadeId,TipoAtividadeDescricao,TipoAtividadeCodigo,Descricao,DescricaoPadrao,DataInclusao,UsuarioInclusao,DataAlteracao,UsuarioAlteracao	DataInclusao,DataAlteracao	
IdiomaTipoDespesaViews	5	expense	Id,Codigo,TipoDespesaId,TipoDespesaDescricao,TipoDespesaLocalidade,IdiomaId,IdiomaDescricao,Descricao,DescricaoPadrao,DataInclusao,UsuarioInclusao,DataAlteracao,UsuarioAlteracao,IdiomaIso,TipoDespesaDescricaoPadrao	DataInclusao,DataAlteracao	
IdiomaViews	2	revenue,invoice	Id,Codigo,Sigla,Iso,Descricao,Faturamento,DataInclusao,UsuarioInclusao,DataAlteracao,UsuarioAlteracao	DataInclusao,DataAlteracao	
IetfViews	417		Id,Tag,Name		
ImportacaoColetorItemViews	0	payroll,tax,client		Data,DataInclusao,DataAlteracao	
ImportacaoColetorViews	0	payroll,tax		Data,DataInclusao,DataAlteracao	
ImportacaoPublicacaoItemViews	0			ImportacaoPublicacaoData,DataPublicacao,DataDisponibilizacao,DataInclusao,DataAlteracao	
ImportacaoPublicacaoLayoutViews	2		Descricao,Xsl,DataInclusao,UsuarioInclusao,DataAlteracao,UsuarioAlteracao,Id	DataInclusao,DataAlteracao	
ImportacaoPublicacaoViews	0			Data,DataInclusao,DataAlteracao	
IndiceValorViews	0			Data,DataInclusao,DataAlteracao	
IndiceViews	4		Id,FormulaValorAtualizado,Descricao,AtualizaAutomaticamente,Codigo,DataInclusao,UsuarioInclusao,DataAlteracao,UsuarioAlteracao	DataInclusao,DataAlteracao	
JuizViews	0	payroll,tax,client		DataInclusao,DataAlteracao	
JuncaoAlocacaoCasoViews	0	client		DataInclusao,DataAlteracao	
JuncaoAlocacaoViews	0	revenue		DataAnoMesInicial,DataAnoMesFinal,DataInclusao,DataAlteracao	
JurFavoritoCasoViews	0	client		DataEncerramento	
JurFavoritoClienteViews	0	client			
JuroViews	3		Id,Formula,Descricao,Codigo,DataInclusao,UsuarioInclusao,DataAlteracao,UsuarioAlteracao	DataInclusao,DataAlteracao	
LDataCapaProcessoViews	0	client		DataCadastro,DataImportacao,DataInclusao,DataAlteracao	
LDataDistribuicaoViews	0	client		DataCadastro,DataImportacao,DataInclusao,DataAlteracao	
LacunaViews	0			DataInclusao,DataAlteracao	
LancamentoEstornoProjetoViews	0	amortization		DataLancamento,DataInclusao,DataAlteracao	
LancamentoFinanceiroViews	5	amortization	Id,DataInclusao,UsuarioInclusao,DataAlteracao,UsuarioAlteracao	DataInclusao,DataAlteracao	
LancamentoViews	0	payroll,tax,amortization		DataAnoMes,DataInclusao,DataAlteracao	
LayoutJsonViews	1		Id,Descricao,Json,ViewModel,DataInclusao,UsuarioInclusao,DataAlteracao,UsuarioAlteracao	DataInclusao,DataAlteracao	
LocalTrabalhoViews	0	client		DataInclusao,DataAlteracao	
LocalidadeViews	0	client		DataInclusao,DataAlteracao	
LocalizacaoCnjViews	5		Id,ChaveCnj,Tipo,LicencaId		
LogAgendadorRelatorioViews	0			DataInclusao,DataAlteracao	
LogCorteHorasTimesheetViews	0	payroll,tax		Data,DataInclusao,DataAlteracao	
LogImportacaoAndamentoViews	0			Data,DataInclusao,DataAlteracao	
LogSistemaViews	5	budget	Id,DescricaoTarefa,NomeTarefa,Origem,DataInclusao,SituacaoTarefa	DataInclusao	
MailServidorViews	1		Id,Nome,EmailOrigem,Host,Porta,Username,Password,AutenticacaoSSL,AutenticacaoTLS,EmailHtml,DataInclusao,UsuarioInclusao,DataAlteracao,UsuarioAlteracao	DataInclusao,DataAlteracao	
ManageableAgendaProfissionalViews	0	expense,payroll,tax		DataEntrada,DataSaida	
ManageableProfissionalViews	0	expense,payroll,tax		DataEntrada,DataSaida	
MaterialViews	0			DataInclusao,DataAlteracao	
MeioPagamentoViews	5	expense	Id,Sigla,Descricao,Ativo,Tipo,UsuarioInclusao,DataAlteracao,UsuarioAlteracao,DataInclusao	DataAlteracao,DataInclusao	
MenuFavoritoViews	5		Id,MenuId,UsuarioId		
MenuPerfilViews	5		Id,MenuId,MenuGrupo,MenuTitulo,Titulo,Ordem,PerfilId		
MenuViews	5		Id,Nome,Titulo,Grupo		
MetaReceitaViews	5	revenue,budget	Id,DataAnoMes,AnoMes,EscritorioId,GrupoJuridicoId,Valor,Tipo,EscritorioNome,GrupoJuridicoNome,DataInclusao,UsuarioInclusao,DataAlteracao,UsuarioAlteracao,Codigo	DataAnoMes,DataInclusao,DataAlteracao	
ModeloTelaAcaoViews	5		Id,Acao,Descricao,ModeloTelaId		
ModeloTelaCamposViews	0				
ModeloTelaViews	5		Id,Titulo,NomeView,PrincipalId,Tipo		
ModeloViews	5		Id,NomeModel		
MoedaViews	3		Id,Codigo,Sigla,Descricao,Tipo,Periodicidade,Ativo,DataInclusao,UsuarioInclusao,DataAlteracao,UsuarioAlteracao	DataInclusao,DataAlteracao	
MotivoEncerramentoViews	3		Id,Codigo,Descricao,SugestaoDescricao,DataInclusao,UsuarioInclusao,DataAlteracao,UsuarioAlteracao,CadastroPerfilIds	DataInclusao,DataAlteracao	
MotivoEscolhaViews	4		Id,Codigo,Descricao,DataInclusao,UsuarioInclusao,DataAlteracao,UsuarioAlteracao	DataInclusao,DataAlteracao	
MotivoPerdaViews	3		Id,Descricao,Ativo,DataInclusao,UsuarioInclusao,DataAlteracao,UsuarioAlteracao	DataInclusao,DataAlteracao	
MotivoReprovacaoViews	3		Id,Descricao,Ativo,DataInclusao,UsuarioInclusao,DataAlteracao,UsuarioAlteracao	DataInclusao,DataAlteracao	
MotivoWoViews	0	amortization		DataInclusao,DataAlteracao	
MovimentacaoFinanceiraAbaViews	3		Id,AssuntoId,Movimentacao,Valor,ValorAtualizado,SiglaMoeda,Titulo		
MovimentacaoFinanceiraGridViews	0	expense,client		Data,DataJuros,GarantiaLevantadaData,DataInclusao,DataAlteracao	
MovimentacaoFinanceiraViews	0	client		Data,DataJuros,GarantiaLevantadaData,AssuntoDataDistribuicao,DataInclusao,DataAlteracao	
MovimentacaoViews	3		Id,Codigo,Descricao,Disponivel,DataInclusao,UsuarioInclusao,DataAlteracao,UsuarioAlteracao	DataInclusao,DataAlteracao	
NaturezaViews	5		Id,Codigo,Descricao,Judicial,Administrativa,DataInclusao,UsuarioInclusao,DataAlteracao,UsuarioAlteracao,CadastroPerfilIds	DataInclusao,DataAlteracao	
NotificacaoGridViews	0	payroll,tax		DataInclusao,DataAlteracao	
NovaDespesaPreFaturaViews	5	revenue,expense,invoice,client	Id,CasoId,CasoCodigo,CasoCodigoSimplificado,CasoCodigoNumerico,CasoAssunto,CasoCasoMaeId,Codigo,Data,TipoDespesaId,TipoDespesaCobravel,MoedaId,MoedaSigla,Valor,ValorNacional	Data	
NovoTabeladoPreFaturaViews	0	revenue,payroll,tax,invoice,client		Data,DataConclusao,DataInclusao,DataAlteracao	
NovoTimesheetPreFaturaViews	5	revenue,payroll,tax,invoice,client	Id,Codigo,ClienteId,ClienteCodigo,ClienteCodigoSimplificado,ClientePessoaNome,CasoId,CasoCodigo,CasoCodigoSimplificado,CasoAssunto,CasoMaeId,TipoAtividadeId,Data,DataInclusao,UsuarioInclusao	Data,DataInclusao,DataAlteracao	
ObjetoViews	5		Id,Codigo,Descricao,Esfera,DataInclusao,UsuarioInclusao,DataAlteracao,UsuarioAlteracao,CadastroPerfilIds	DataInclusao,DataAlteracao	
OfertaViews	0			DataInclusao,DataAlteracao	
OportunidadeContatoViews	0			DataInclusao,DataAlteracao	
OportunidadeEtapaViews	0	client		DataInclusao,DataAlteracao	
OportunidadeHistoricoViews	0	payroll,tax		DataHistorico,DataInclusao,DataAlteracao	
OportunidadeMotivoPerdaViews	0			DataInclusao,DataAlteracao	
OportunidadeOrigemViews	0			DataInclusao,DataAlteracao	
OportunidadeParticipacaoViews	0			DataInicial,DataFinal,DataInclusao,DataAlteracao	
OportunidadeValorViews	0	payroll,tax		DataInclusao,DataAlteracao	
OportunidadeViews	0	payroll,tax,client		DataAbertura,PrazoConflito,DataEncerramento,DataPeriodoPrevisao,DataInclusao,DataAlteracao	
OrcamentoViews	5	budget	Id,EmpresaId,EscritorioNome,EscritorioId,GrupoJuridicoNome,GrupoJuridicoId,PlanoContasId,PlanoContasTitulo,PlanoContasContaFinanceira,AnoMes,MoedaSigla,MoedaId,Valor,DataInclusao,UsuarioInclusao	DataInclusao,DataAlteracao	
OrdemViews	5		Id,RotinaId,RotinaDescricao,ChamadaId,ChamadaNome,OrdemExecucao,DataInclusao,UsuarioInclusao,DataAlteracao,UsuarioAlteracao	DataInclusao,DataAlteracao	
PCOClienteFavoritoViews	0	client		DataAbertura,DataEncerramento	
PCOFavoritoViews	0	expense,client		DataAbertura,DataEncerramento	
PFLacunaViews	0			DataInclusao,DataAlteracao	
PaisViews	5		Id,Codigo,Nome,Sigla,TemEstados,DataInclusao,UsuarioInclusao,DataAlteracao,UsuarioAlteracao	DataInclusao,DataAlteracao	
PalavraChaveViews	0			DataInclusao,DataAlteracao	
ParametroServicoViews	5		Id,ChamadaId,ChamadaNome,NomeDe,NomePara,TipoDe,TipoPara,TipoParametro,Descricao,Mascara,Valor,DataInclusao,UsuarioInclusao,DataAlteracao,UsuarioAlteracao	DataInclusao,DataAlteracao	
ParametrosViews	5		Id,Nome,Descricao,Valor,AnoMesInicial,AnoMesFinal,DataInclusao,UsuarioInclusao,DataAlteracao,UsuarioAlteracao	DataInclusao,DataAlteracao	
ParticularidadeDespesaDetalheViews	0	expense		DataInicial,DataFinal,DataAlteracao,DataInclusao	
ParticularidadeDespesaViews	0	expense,client		DataAlteracao,DataInclusao	
PastaFisicaDocumentoViews	0	client		DataDocumento,DataInclusao,DataAlteracao	
PastaFisicaMovimentacaoViews	0	payroll,tax,client		DataEmprestimo,DataDevolucao,DataInclusao,DataAlteracao	
PastaFisicaViews	0	payroll,tax,client		CasoDataAbertura,DataInativo,DataAbertura,UltimaAtualizacaoMovimentacao,DataInclusao,DataAlteracao,PastaFisicaMovimentacaoDataDevolucao,CasoDataEncerramento	
PedidoAbaViews	0				
PedidoGridViews	0			DataInclusao,DataAlteracao	
PedidoTotalAbaViews	0				
PedidoTotalViews	0				
PedidoValorParcelaViews	0				
PedidoValorViews	0			Data,DataJuros,PreliminarData,DataInclusao,DataAlteracao	
PedidoViews	0			Data,DataInclusao,DataAlteracao,InicialData	
PendenciasDiariaViews	5	payroll,tax,client	Id,IdEntidade,CasoId,ProfissionalId,CasoClienteId,CasoClienteCodigo,CasoClienteClienteRaiz,CasoClienteCodigoSimplificado,CasoIdiomaRelatorioIso,CasoClienteEBillingEmpresaEbillingDocumentoId,CasoClientePessoaNomeFantasia,CasoCodigo,CasoCodigoSimplificado,CasoAssunto,Excluido	Data1,DataPendencia,DataInclusao,DataAlteracao	
PerfilRuleViews	1		Id,PerfilId,PerfilNome,IdRule,ModeloTelaId,ModeloTelaTitulo,RuleAction,Ativo,Rodar,DataInclusao,UsuarioInclusao,DataAlteracao,UsuarioAlteracao	DataInclusao,DataAlteracao	
PerfilViews	5	expense	Id,Nome,Consulta,Nivel,DataInclusao,UsuarioInclusao,DataAlteracao,UsuarioAlteracao,Codigo,Tipo,Aclcustom,UsuarioNome,ExtraData	DataInclusao,DataAlteracao	
PeriodoModuloFinanceiroViews	0			DataInclusao,DataAlteracao,DataAnoMes	
PeriodoModuloViews	5		Id,AnoMes,Modulo,Situacao,Recalcular,Observacao,DataInclusao,UsuarioInclusao,DataAlteracao,UsuarioAlteracao,Codigo	DataInclusao,DataAlteracao	
PesoProfissionalViews	0	payroll,tax		DataAnoMesInicial,DataAnoMesFinal,DataInclusao,DataAlteracao	
PesquisaCamposViews	0			DataInclusao,DataAlteracao	
PesquisaPerfilViews	0			DataInclusao,DataAlteracao	
PesquisaPublicacaoViews	1	client	LicencaId,AssuntoId,DesdobramentoId,Tipo,TipoAcao,CasoCodigo,CasoCodigoSimplificado,CasoAssunto,ClienteCodigo,ClienteCodigoSimplificado,ClienteClienteRaiz,ClientePessoaNome,AssuntoDataEntrada,AssuntoSituacao,PoloPrincipalPassivo	AssuntoDataEntrada	
PesquisaViews	0			DataInclusao,DataAlteracao	
PessoaEnderecoViews	5		Id,PessoaId,Logradouro,Numero,Complemento,Bairro,CEP,PaisId,PaisNome,EstadoId,EstadoNome,CidadeId,CidadeNome,Telefone,Celular	DataInclusao,DataAlteracao	
PessoaSimplificadoViews	5		Id,Codigo,Nome,NomeFantasia,Tipo,CnpjCpf,Telefone,Email,RedeSocial		
PessoaViews	5	payroll,tax,client	Id,Codigo,Nome,NomeFantasia,Tipo,CnpjCpf,Telefone,Email,RedeSocial,ProfissionaisCount,ProfissionaisCountAtivo,Selecionado,EmpresasCount,ClientesCount,CorrespondentesCount		ProfissionaisCount,ProfissionaisCountAtivo,EmpresasCount,ClientesCount,CorrespondentesCount,PrepostosCount,JuizCount,EnvolvidosCount,CasoParticipacoesCount,ClienteParticipacoesCount,ClientePagadoresCount,PessoaEnderecosCount,FornecedoresCount
PeticionamentoEletronicoViews	0	client		DataInclusao,DataAlteracao	
PlanejamentoOrcamentoTotalViews	0	budget			
PlanejamentoOrcamentoViews	0	budget		DataInclusao,DataAlteracao	
PlanoContasViews	5	expense,payroll	Id,PlanoContasPaiContaFinanceira,PlanoContasPaiId,ContaFinanceira,Titulo,MoedaId,MoedaCodigo,MoedaSigla,MoedaDescricao,RateioFolha,Nivel,TipoContaId,TipoContaTipo,Ativo,TipoCusto		PlanoContasFilhosCount
PosicaoFinanceiraAdiantamentoViews	5	expense,payroll,tax,client	Id,CasoId,CasoEscritorioId,AnoMes,ProfissionalId,ProfissionalSigla,ProfissionalPessoaNome,ProfissionalCategoriaNome,TipoDespesaId,TipoDespesaDescricao,Tipo,MoedaId,MoedaSigla,Numero1,Data1	Data1	
PosicaoFinanceiraCasoViews	5	expense,payroll,tax,client	Id,Codigo,CodigoNumerico,CodigoSimplificado,ClienteId,ClienteCodigo,ClienteCodigoNumerico,ClienteClienteRaiz,ClienteCodigoSimplificado,ClientePessoaNome,ClientePessoaNomeFantasia,ClienteSituacao,Assunto,ObservacaoCadastro,EscritorioId	DataAbertura,DataEncerramento,DataInclusao,DataAlteracao	CasoParcelasCount
PosicaoFinanceiraCobrancaViews	5	expense,payroll,tax,client	Id,CasoId,CasoEscritorioId,AnoMes,ProfissionalId,ProfissionalSigla,ProfissionalPessoaNome,ProfissionalCategoriaNome,TipoDespesaId,TipoDespesaDescricao,Tipo,MoedaId,MoedaSigla,Numero1,Data1	Data1	
PosicaoFinanceiraDespesaIncorridaViews	5	expense,payroll,tax,client	Id,CasoId,CasoEscritorioId,AnoMes,ProfissionalId,ProfissionalSigla,ProfissionalPessoaNome,ProfissionalCategoriaNome,TipoDespesaId,TipoDespesaDescricao,Tipo,MoedaId,MoedaSigla,Numero1,Data1	Data1,Data2,Data3	
PosicaoFinanceiraFaturaViews	5	revenue,expense,payroll,tax,invoice,client	Id,CasoId,CasoEscritorioId,AnoMes,ProfissionalId,ProfissionalSigla,ProfissionalPessoaNome,ProfissionalCategoriaNome,TipoDespesaId,TipoDespesaDescricao,Tipo,MoedaId,MoedaSigla,Numero1,Data1	Data1,Data2,Data3	
PosicaoFinanceiraPendenciaViews	0	expense,payroll,tax,client		Data1,Data2,Data3	
PosicaoFinanceiraResultadoFaturamentoViews	5	revenue,expense,payroll,tax,invoice,client	Id,CasoId,CasoEscritorioId,AnoMes,ProfissionalId,ProfissionalSigla,ProfissionalPessoaNome,ProfissionalCategoriaNome,TipoDespesaId,TipoDespesaDescricao,Tipo,MoedaId,MoedaSigla,Numero1,Data1	Data1,Data2,Data3	
PosicaoFinanceiraResultadoRecebimentoViews	5	revenue,expense,payroll,tax,client	Id,CasoId,CasoEscritorioId,AnoMes,ProfissionalId,ProfissionalSigla,ProfissionalPessoaNome,ProfissionalCategoriaNome,TipoDespesaId,TipoDespesaDescricao,Tipo,MoedaId,MoedaSigla,Numero1,Data1	Data1,Data2,Data3	
PosicaoFinanceiraResumoDespesaViews	5	expense,payroll,tax,client	Id,CasoId,CasoEscritorioId,AnoMes,ProfissionalId,ProfissionalSigla,ProfissionalPessoaNome,ProfissionalCategoriaNome,TipoDespesaId,TipoDespesaDescricao,Tipo,MoedaId,MoedaSigla,Numero1,Data1	Data1,Data2,Data3	
PreFaturaAcaoDetalhadaViews	5	revenue,payroll,tax,invoice,client	Id,PreFaturaId,PreFaturaCodigo,CasoId,CasoCodigo,CasoCodigoSimplificado,CasoCodigoNumerico,CasoAssunto,ProfissionalId,ProfissionalCodigo,ProfissionalSigla,ProfissionalPessoaNome,Situacao,FaturaId,FaturaNumero	DataInclusao,DataAlteracao	
PreFaturaAcaoViews	5	revenue,payroll,tax,invoice,client	Id,PreFaturaId,PreFaturaCodigo,CasoId,CasoCodigo,CasoCodigoSimplificado,CasoCodigoNumerico,CasoAssunto,ProfissionalId,ProfissionalCodigo,ProfissionalSigla,ProfissionalPessoaNome,Situacao,FaturaId,FaturaNumero	DataInclusao,DataAlteracao	
PreFaturaAcessoExcecaoViews	1	revenue,payroll,tax,invoice	Id,ProfissionalId,ProfissionalPessoaNome,ProfissionalCodigo,ProfissionalPessoaNomeFantasia,ProfissionalSigla,UsuarioInclusao,DataAlteracao,UsuarioAlteracao,DataInclusao	DataAlteracao,DataInclusao	
PreFaturaCasoFavoritoViews	0	revenue,invoice,client			
PreFaturaCasoLancadoViews	0	revenue,invoice,client			
PreFaturaCasoViews	5	revenue,expense,payroll,tax,invoice,client	Id,PreFaturaId,PreFaturaCodigo,PreFaturaDataLimite,PreFaturaDataEmissao,PreFaturaMoedaSigla,PreFaturaMoedaId,PreFaturaSituacao,PreFaturaPermiteTimesheet,PreFaturaPermiteDespesa,PreFaturaPermiteTabelado,CasoId,CasoCodigo,CasoCodigoSimplificado,CasoCodigoNumerico	PreFaturaDataLimite,PreFaturaDataEmissao,DataConclusao,DataInclusao,DataAlteracao	PreFaturaTimesheetsCount,PreFaturaDespesasCount,PreFaturaTabeladosCount,PreFaturaInstrucaosCount,PreFaturaPreFaturaFixosCount
PreFaturaClienteFavoritoViews	0	revenue,invoice,client		DataAbertura,DataEncerramento	
PreFaturaContratoViews	5	revenue,invoice,client	Id,PreFaturaId,PreFaturaCodigo,MoedaLimiteId,MoedaLimiteCodigo,MoedaLimiteSigla,MoedaLimiteDescricao,ValorLimite,TotalFaturado,TotalExcedidoLimite,IndiceLimite,TipoContrato,TempoExcedidoMisto,ValorExcedidoMisto,TipoCobrancaExcedente	DataInclusao,DataAlteracao	
PreFaturaDespesaViews	5	revenue,expense,payroll,tax,invoice,client	Id,PreFaturaId,PreFaturaCodigo,PreFaturaDataLimite,Codigo,Data,PreFaturaCasoId,CasoId,CasoCodigo,CasoCodigoSimplificado,CasoCodigoNumerico,CasoAssunto,CasoSituacaoJuridica,CasoClienteId,CasoClienteCodigo	PreFaturaDataLimite,Data	
PreFaturaFixoViews	0	revenue,invoice,client		DataVencimento,DataRefInicial,DataRefFinal,DataAtualizacao,DataInclusao,DataAlteracao	
PreFaturaInstrucaoViews	5	revenue,payroll,tax,invoice,client	Id,PreFaturaId,PreFaturaCodigo,PreFaturaCasoId,ProfissionalId,ProfissionalCodigo,ProfissionalSigla,ProfissionalPessoaNome,CasoId,CasoCodigo,CasoCodigoSimplificado,CasoCodigoNumerico,CasoAssunto,PreFaturaTimesheetId,PreFaturaTimesheetCodigo	DataInclusao,DataAlteracao,PreFaturaPagadorInstrucaoData	
PreFaturaLogViews	5	revenue,payroll,tax,invoice,client	Id,PreFaturaId,PreFaturaCodigo,PreFaturaCasoId,ProfissionalId,ProfissionalCodigo,ProfissionalSigla,ProfissionalPessoaNome,RevisorOrigemId,RevisorOrigemCodigo,RevisorOrigemSigla,RevisorOrigemPessoaNome,RevisorDestinoId,RevisorDestinoCodigo,RevisorDestinoSigla	DataAcao,DataInclusao,DataAlteracao	
PreFaturaMargemContribuicaoResumoCasoViews	5	revenue,expense,tax,invoice,client	Id,PreFaturaId,PreFaturaCasoId,CasoId,TotalValorTrabalhado,TotalValorRevisado,Custos,PercentualEficiencia,Tributos,TotalMargemBruta,PercentualMargemBruta		
PreFaturaMargemContribuicaoResumoPreViews	5	revenue,expense,tax,invoice	Id,PreFaturaId,TotalValorTrabalhada,TotalValorRevisado,Custos,PercentualEficiencia,Tributos,TotalMargemBruta,PercentualMargemBruta		
PreFaturaMargemContribuicaoViews	5	revenue,invoice	Id		
PreFaturaPagadorViews	5	revenue,expense,tax,invoice,client	Id,PreFaturaId,PreFaturaCodigo,PreFaturaDataLimite,ClientePagadorId,ClientePagadorCodigo,ClientePagadorClienteId,ClientePagadorClienteCodigo,ClientePagadorClienteClienteRaiz,PessoaNome,ClientePagadorPessoaNome,ClientePagadorPessoaTipo,ClientePagadorPessoaCnpjCpf,ClientePagadorPessoaEmail,ClientePagadorPessoaEnderecoPagadorPessoaNome	PreFaturaDataLimite,DataInclusao,DataAlteracao	
PreFaturaProfissionalViews	5	revenue,payroll,tax,invoice,client	Id,PreFaturaId,PreFaturaCodigo,PreFaturaDataLimite,PreFaturaCasoId,CasoId,CasoCodigo,CasoCodigoSimplificado,CasoCodigoNumerico,CasoAssunto,CasoClienteId,CasoClienteCodigo,CasoClienteClienteRaiz,CasoClienteCodigoSimplificado,CasoClienteCodigoNumerico	PreFaturaDataLimite,DataInclusao,DataAlteracao	
PreFaturaRecoveryViews	5	revenue,invoice	Id,PreFaturaId,ValorTotalTrabalhado,ValorTotalRevisado,PercentualRecovery		
PreFaturaResumoProfissionalViews	5	revenue,payroll,tax,invoice,client	Id,PreFaturaId,PreFaturaCodigo,PreFaturaCasoId,CasoId,CasoCodigo,CasoCodigoSimplificado,CasoCodigoNumerico,CasoAssunto,CasoClienteId,CasoClienteCodigo,CasoClienteClienteRaiz,CasoClienteCodigoSimplificado,CasoClienteCodigoNumerico,CasoClientePessoaNome		
PreFaturaRevisorViews	5	revenue,expense,invoice	Id,Sigla,PessoaNome,PessoaNomeFantasia,PessoaCnpjCpf,EscritorioId,EscritorioNome,GrupoJuridicoId,GrupoJuridicoNome,CategoriaId,CategoriaNome,Socio,Revisor,DataEntrada,DataSaida	DataEntrada,DataSaida	
PreFaturaRevisoresViews	0	revenue,invoice,client		DataInclusao,DataAlteracao	
PreFaturaTabeladoViews	0	revenue,payroll,tax,invoice,client		PreFaturaDataLimite,Data,DataConclusao	
PreFaturaViews	5	revenue,expense,payroll,tax,invoice,client	Id,ClienteId,ClienteCodigo,ClienteCodigoNumerico,ClienteClienteRaiz,ClienteCodigoSimplificado,ClienteGrupoEmpresaCodigo,ClienteGrupoEmpresaNome,ClientePessoaNome,ClientePessoaNomeFantasia,DataEmissao,DataRefInicialHon,DataRefFinalHon,ValorTotal,ValorHonorarios	DataEmissao,DataRefInicialHon,DataRefFinalHon,DataLimite,DataInclusao,DataAlteracao,DataRefInicialDespesas,DataRefFinalDespesas,DataRefInicialTabelados,DataRefFinalTabelados	PreFaturaCasosCount,PreFaturaInstrucaosCount,PreFaturaPagadoresCount,PreFaturaFixosCount
PreferenciaIndividualViews	5	payroll,tax	Id,LicencaId,PreferenciaId,UsuarioId,UsuarioNome,ProfissionalSigla,ProfissionalCodigo,Nome,Valor,DataInclusao,UsuarioInclusao,DataAlteracao,UsuarioAlteracao,Selecionado,ExtraData	DataInclusao,DataAlteracao	
PreferenciaPerfilViews	1		Id,PreferenciaId,PerfilId,PerfilNome,Nome,Valor,DataInclusao,UsuarioInclusao,DataAlteracao,UsuarioAlteracao,Selecionado	DataInclusao,DataAlteracao	
PreferenciaTelaViews	4		Id,PreferenciaId,ModeloTelaId,ModeloTelaTitulo,PerfilId,PerfilNome,Nome,Valor,DataInclusao,UsuarioInclusao,DataAlteracao,UsuarioAlteracao,Selecionado	DataInclusao,DataAlteracao	
PreferenciaViews	5		Id,Codigo,Nome,Descricao,Tipo,Valor,Modulo,EstruturaTipo,Interna,DataInclusao,UsuarioInclusao,DataAlteracao,UsuarioAlteracao,Selecionado,ExtraData	DataInclusao,DataAlteracao	PreferenciasPerfilCount,PreferenciasIndividualCount,PreferenciasTelaCount
PreliminarViews	0			DataInclusao,DataAlteracao	
PrepostoViews	0	payroll,tax,client		DataInclusao,DataAlteracao	
PrestacaoContaAprovadorViews	0	expense		DataSaida	
PrestacaoContaClienteViews	0	client			
PrestacaoContaEscritorioViews	0	expense,budget			
PrestacaoContaInstitucionalViews	0	expense			
PrestacaoContaItemAprovacaoViews	0			Data,DataAlteracao,DataInclusao	
PrestacaoContaItemViews	0	expense,payroll,tax,client,budget		PrestacaoContaDataInclusao,DataAprovacao,DataReprovacao,DataDocumento,DataAlteracao,DataInclusao	
PrestacaoContaViews	0	payroll,tax,client,budget		DataAlteracao,DataInclusao	
ProfissaoViews	0	tax		DataInclusao,DataAlteracao	
ProfissionalCaixinhaViews	1	expense,payroll,tax	Id,Codigo,Sigla,PessoaNome,PessoaNomeFantasia,PessoaCnpjCpf,EscritorioId,EscritorioNome,GrupoJuridicoId,GrupoJuridicoNome,CategoriaId,CategoriaNome,Socio,Revisor,DataEntrada	DataEntrada	
ProfissionalCarrosselAgendaViews	0	expense,payroll,tax		DataSaida	
ProfissionalRelatViews	5	expense,payroll,tax	Id,Codigo,Sigla,PessoaNome,PessoaNomeFantasia,PessoaCnpjCpf,PessoaEmail,EscritorioId,EscritorioNome,EscritorioEmpresaId,GrupoJuridicoId,GrupoJuridicoNome,CategoriaId,CategoriaNome,Socio	DataEntrada,DataSaida,DataInclusao,DataAlteracao	
ProfissionalSocioRelatViews	5	expense,payroll,tax	Id,Codigo,Sigla,PessoaNome,PessoaNomeFantasia,PessoaCnpjCpf,PessoaEmail,EscritorioId,EscritorioNome,EscritorioEmpresaId,GrupoJuridicoId,GrupoJuridicoNome,CategoriaId,CategoriaNome,Socio	DataEntrada,DataSaida,DataInclusao,DataAlteracao	
ProfissionalViews	5	expense,payroll,tax	Id,Codigo,Sigla,PessoaNome,PessoaNomeFantasia,PessoaCnpjCpf,PessoaEmail,EscritorioId,EscritorioNome,EscritorioEmpresaId,GrupoJuridicoId,GrupoJuridicoNome,CategoriaId,CategoriaNome,CategoriaPeriodoConcessivo	DataEntrada,DataSaida,DataInclusao,DataAlteracao	
PrognosticoViews	3		Id,Codigo,Descricao,Percentual,DataInclusao,UsuarioInclusao,DataAlteracao,UsuarioAlteracao,CadastroPerfilIds	DataInclusao,DataAlteracao	
ProjecaoViews	0			DataInclusao,DataAlteracao	
ProjetoGerenciaProjecaoViews	0				
ProjetoGerenciaResponsavelResumoViews	0			DataAlteracao,DataInclusao	
ProjetoGerenciaResponsavelViews	0			DataAlteracao,DataInclusao	
ProjetoGerenciaViews	0	budget		DataAlteracao,DataInclusao	
ProjetoGrupoJuridicoViews	0	budget			
ProjetoItemResumoEscritorioViews	0				
ProjetoItemResumoGrupoJuridicoViews	0				
ProjetoItemViews	0	expense,budget		DataAlteracao,DataInclusao	
ProjetoResumoViews	0	budget		DataAlteracao,DataInclusao	
ProjetoSaldoViews	0	budget		DataAlteracao,DataInclusao	
ProjetoViews	0	budget		DataAlteracao,DataInclusao	
RamoAtividadeViews	0			DataInclusao,DataAlteracao	
RateioFaturaCasoViews	5	revenue,payroll,tax,invoice,client	Id,FaturaId,FaturaNumero,FaturaValorHonorarios,FaturaDataEmissao,FaturaEscritorioId,FaturaValorDesconto,FaturaSituacaoRateio,FaturaSituacao,FaturaRazaoSocial,AnoMes,DataAnoMes,CasoId,CasoAssunto,CasoCodigo	FaturaDataEmissao,DataAnoMes	
RateioFaturaOriginalViews	5	revenue,payroll,tax,invoice,client	Id,FaturaId,FaturaDataEmissao,DataAnoMes,FaturaNumero,EscritorioId,EscritorioNome,ProfissionalId,ProfissionalPessoaNome,ProfissionalSigla,ClienteId,ClientePessoaNome,ClientePessoaNomeFantasia,ClienteCodigo,ClienteClienteRaiz	FaturaDataEmissao,DataAnoMes	
RateioFaturaProfissionalViews	5	revenue,payroll,tax,invoice,client	Id,FaturaId,FaturaDataEmissao,Tipo,DataAnoMes,FaturaNumero,EscritorioId,EscritorioNome,ProfissionalId,ProfissionalPessoaNome,ProfissionalSigla,ClienteId,ClientePessoaNome,ClientePessoaNomeFantasia,ClienteCodigo	FaturaDataEmissao,DataAnoMes,DataInclusao,DataAlteracao	
RateioFixoCasoViews	0	payroll,tax,client		DataInclusao,DataAlteracao	
RateioGerencialViews	5	payroll,tax,client	Id,ProfissionalId,GrupoJuridicoId,CasoId,AnoMes,AnoMesRef,ValorTabPadrao		
RateioProfissionalViews	0	payroll,tax		DataAnoMesInicial,DataAnoMesFinal,DataInclusao,DataAlteracao	
RateioViews	5	revenue,expense,payroll,tax,client	Id,Numero,EscritorioId,EscritorioNome,Tipo,MoedaDescricao,Situacao,DataEmissao,DataVencimento,DataCancelamento,DataRefInicialHon,DataRefFinalHon,CobHonorarios,ValorHonorarios,ValorDesconto	DataEmissao,DataVencimento,DataCancelamento,DataRefInicialHon,DataRefFinalHon,DataInclusao,DataAlteracao	
RegiaoViews	0			DataInclusao,DataAlteracao	
RegraDistribuicaoAreaViews	0				
RegraDistribuicaoClienteViews	0	client			
RegraDistribuicaoComarcaViews	0				
RegraDistribuicaoEscritoriosViews	0			DataInclusao,DataAlteracao	
RegraDistribuicaoEstadoViews	0				
RegraDistribuicaoViews	0	payroll,tax,client		DataInclusao,DataAlteracao	
RegraEmailViews	1		Id,Selecionado,Pendentes,Descricao,SqlEnvio,Intervalo,SqlUpdate,Ativo,DataBaseTimeout,EmailDestino,AssuntoEmail,TextoEmail,EmailCopia,EmailCopiaOculta,DisplayEmail	UltimoEnvio,DataInclusao,DataAlteracao	
RegraSolicitacaoViews	0	payroll,tax		DataInclusao,DataAlteracao	
RelatorioGerencialViews	5		Id,Nome,Identificador,Descricao,Caminho,ArquivoRelatorio,ModeloTelaId,ModeloTelaTitulo,ModeloTelaNomeView,Situacao,Pdf,Excel,Word,Termos,Pasta	DataInclusao,DataAlteracao	
RelatorioModeloPerfilViews	1		Id,ModeloId,ModeloNome,PerfilId,PerfilNome,DataInclusao,UsuarioInclusao,DataAlteracao,UsuarioAlteracao	DataInclusao	
RelatorioModeloViewModelConfigViews	0			DataInclusao,DataAlteracao	
RelatorioModeloViewModelViews	1		Id,ModeloId,ModeloNome,ViewModel,Visivel,DataInclusao,UsuarioInclusao,DataAlteracao,UsuarioAlteracao	DataInclusao,DataAlteracao	
RelatorioModeloViews	1		Id,RelatorioId,RelatorioNome,Nome,DataInclusao,UsuarioInclusao,DataAlteracao,UsuarioAlteracao	DataInclusao	
RelatorioParamViews	5		Id,RelatorioId,RelatorioDescricao,Nome,Descricao,Observacao,TipoParametro,ValorPadrao,TipoComponente,DadosComponente,Obrigatorio,Visivel,MultiplosValores,RelatparamDepValor,SeparadorMultiplosValores	DataInclusao,DataAlteracao	
RelatorioPerfilViews	0			DataInclusao,DataAlteracao	
RelatorioViews	5		Id,Nome,Descricao,ArquivoRelatorio,Caminho,Pasta,Identificador,Situacao,Gerador,Pdf,Excel,Word,ModeloTelaId,ModeloTelaTitulo,ModeloTelaNomeView	DataInclusao,DataAlteracao	
RemanejamentoProjetoViews	0	expense			
ReporOrcamentoViews	0	payroll,tax,budget		DataEstorno,DataInclusao,DataAlteracao	
RequisicaoAprovadorViews	0	expense		DataSaida	
RequisicaoEscritorioViews	0			RequisicaoData	
RequisicaoMaterialAprovacaoViews	0			Data,DataAlteracao,DataInclusao	
RequisicaoMaterialViews	0	payroll,tax		RequisicaoData,RequisicaoDataInclusao,DataAprovacao,DataReprovacao,DataInclusao,DataAlteracao	
RequisicaoViews	0	expense,payroll,tax,client,budget		Data,DataInclusao,DataAlteracao	
ReservaOrcamentoComboViews	0	budget			
ReservaOrcamentoViews	0	payroll,tax,budget		DataLimite,DataAlteracao,DataInclusao	
ResponsavelDesbloqueioViews	0	expense,payroll,tax		ProfissionalDataSaida,DataAlteracao,DataInclusao	
ResponsavelProfissionalIntegranteViews	0	expense,payroll,tax		DataEntrada,DataSaida,DataInclusao,DataAlteracao	
ResponsavelProfissionalRhViews	0	expense,payroll,tax		DataEntrada,DataSaida,DataInclusao,DataAlteracao	
ResponsavelProfissionalViews	0	expense,payroll,tax		DataEntrada,DataSaida,DataInclusao,DataAlteracao	
RestricaoAcaoViews	5		Id,PerfilId,PerfilNome,Acao,ModeloTelaId,ModeloTelaNomeView,ModeloTelaTitulo,ModeloTelaTipo,Ativo,DataInclusao,UsuarioInclusao,DataAlteracao,UsuarioAlteracao,Editando,ModeloTelaAcaoId	DataInclusao,DataAlteracao	
RestricaoAssuntoViews	0			DataInclusao,DataAlteracao	
RestricaoPerfilViews	0			DataInclusao,DataAlteracao	
RestricaoViews	0			DataInclusao,DataAlteracao	
ResumoHistoricoViews	5	expense,payroll,tax	Id,AnoMesInicial,AnoMesFinal,ProfissionalId,ValorHora,HorasDia,DataEntrada,DataSaida,EscritorioId,EscritorioNome,EscritorioCodigo,EscritorioAtivo,GrupoJuridicoId,GrupoJuridicoNome,GrupoJuridicoCodigo	DataEntrada,DataSaida	
RevisaoCasoFixoRevisadoViews	5	payroll,tax,client	Id,CasoId,CasoCodigo,CasoCodigoSimplificado,CasoCodigoNumerico,CasoAreaJuridicaId,CasoClienteId,CasoClienteCodigo,CasoClienteClienteRaiz,CasoClienteCodigoSimplificado,CasoClienteCodigoNumerico,CasoClientePessoaNome,CasoClientePessoaNomeFantasia,CasoClienteEBillingEmpresaEbillingDocumentoId,CasoClienteUtilizaEBilling		RevisaoFixoInstrucoesCount
RevisaoFinalizadoFixoViews	0	payroll,tax,client		DataRevisao,PeriodoInicial,PeriodoFinal	
RevisaoFixoAcumularViews	0	payroll,tax,client			
RevisaoFixoAlocacaoViews	0	payroll,tax,client		RevisaoFixoPeriodoInicial,RevisaoFixoPeriodoFinal,RevisaoFixoDataRevisao,RevisaoFixoDataCancelamento,DataInclusao,DataAlteracao	
RevisaoFixoInstrucaoViews	0	payroll,tax,client		DataInclusao,DataAlteracao	
RevisaoFixoParcelaViews	0				
RevisaoFixoViews	0	payroll,tax,client		PeriodoInicial,PeriodoFinal,DataRevisao,DataCancelamento,DataInclusao,DataAlteracao	
RevisaoTimesheetFixoViews	5	revenue,expense,payroll,tax,invoice,client	Id,Codigo,CasoId,CasoCodigo,CasoCodigoSimplificado,CasoAreaJuridicaId,CasoCodigoNumerico,CasoAssunto,CasoSituacaoJuridica,CasoClienteId,CasoClienteCodigo,CasoClienteCodigoNumerico,CasoClientePessoaNome,CasoClienteClienteRaiz,CasoClienteCodigoSimplificado	Data,DataInclusao,DataAlteracao,ProfissionalRevisadoDataSaida	TimesheetVinculadoFilhosCount,TimesheetVinculadoPaisCount
RevisaoTimesheetGridViews	0	payroll,tax,client		DataReprovacao,Data,DataInclusao,DataAlteracao	
RevisaoTimesheetPorCasoGridViews	0	payroll,tax,client		DataReprovacao,Data,DataInclusao,DataAlteracao	
RevisaoTimesheetPorCasoViews	55301	revenue,payroll,tax,client	Id,Codigo,CasoId,CasoProfissionalRevisorId,CasoProfissionalResponsavelId,CasoCodigo,CasoCodigoSimplificado,CasoCodigoNumerico,CasoAssunto,CasoSituacaoJuridica,CasoAreaJuridicaId,CasoClienteId,CasoClienteCodigo,CasoClienteCodigoNumerico,CasoClientePessoaNome	Data,DataInclusao,DataAlteracao	TimesheetVinculadoFilhosCount,TimesheetVinculadoPaisCount
RevisaoTimesheetResumoProfissionalViews	5	payroll,tax,client	Id,ProfissionalId,ProfissionalSigla,ProfissionalNome,CasoId,HoraRevisada,HoraTrabalhada,HoraProdutiva,CategoriaId,CategoriaNome,ValorHora,ValorTotalTrabalhado,ValorTotalRevisado,ValorTotalProdutivo		
RevisaoTimesheetViews	5	payroll,tax,client	Id,Codigo,CasoId,CasoCodigo,CasoCodigoSimplificado,CasoCodigoNumerico,CasoAssunto,CasoSituacaoJuridica,CasoAreaJuridicaId,CasoClienteId,CasoClienteCodigo,CasoClienteCodigoNumerico,CasoClientePessoaNome,CasoClientePessoaNomeFantasia,CasoClienteEBillingEmpresaEbillingDocumentoId	Data,DataInclusao,DataAlteracao	TimesheetVinculadoFilhosCount,TimesheetVinculadoPaisCount
RitoViews	5		Id,Codigo,Descricao,DataInclusao,UsuarioInclusao,DataAlteracao,UsuarioAlteracao,CadastroPerfilIds	DataInclusao,DataAlteracao	
RotinaViews	5		Id,Nome,Ativo,Descricao,DataInicio,DataInclusao,UsuarioInclusao,DataAlteracao,UsuarioAlteracao	DataInicio,DataInclusao,DataAlteracao	
RuleRegistryViews	242		Id,Nome		
SaldoFaturaViews	5	revenue,expense,payroll,invoice,client	Id,CasoId,Tipo,ClienteId,EmpresaId,EscritorioId,MoedaId,MoedaSigla,Numero,Data,DataVencimento,ValorHonorarios,ValorHonorariosNac,ValorDesconto,ValorDescontoNac	Data,DataVencimento	
SaldoHoraViews	0	expense,payroll,tax,client		ProfissionalDataSaida,DataDescarte,DataInclusao,DataAlteracao	
SegmentoViews	5		Id,Codigo,Nome,Ativo,Principal,DataInclusao,UsuarioInclusao,DataAlteracao,UsuarioAlteracao	DataInclusao,DataAlteracao	
ServicoViews	0	expense		DataInclusao,DataAlteracao	
ServicoWebViews	5		Id,Nome,Versao,Wsdl,TipoServico,NomeServico,Descricao,DataInclusao,UsuarioInclusao,DataAlteracao,UsuarioAlteracao	DataInclusao,DataAlteracao	
SituacaoCompromissoViews	3	tax	Id,Codigo,Descricao,Situacao,ProximasEtapas,ExcluirLembreteOutlook,DataInclusao,ProximasSituacoes,TipoColunaKanban,Ordem,SituacaoPaiId,AtualizacaoAutomaticaTarefaPrincipal,UsuarioInclusao,DataAlteracao,UsuarioAlteracao	DataInclusao,DataAlteracao	
SituacaoMovimentacaoFinanceiraViews	5		Id,CategoriaMovimentacaoFinanceiraId,CategoriaMovimentacaoFinanceiraNome,Descricao,Codigo,DataInclusao,UsuarioInclusao,DataAlteracao,UsuarioAlteracao	DataInclusao,DataAlteracao	
SituacaoRetornoViews	5		Id,Codigo,Descricao,Ativo,ObrigaInstrucao,TipoRevisao,AcaoRevisao,Restricao		
SolicitacaoCaixinhaViews	0	payroll,tax,client		Data,DataRevisao,DataInclusao,DataAlteracao	
SolicitacaoDespesaRevisorViews	5	expense	Id,Codigo,PessoaNome,PessoaNomeFantasia,Sigla,Socio,Tecnico,DataSaida	DataSaida	
SolicitacaoDespesaViews	0	expense,payroll,tax,client		Data,DataAprovacao,DataInclusao,DataAlteracao,AdiantamentoData,DataReprovacao	
SolicitacaoPagamentoAprovadorViews	0	expense		DataSaida	
SolicitacaoPagamentoClienteViews	0	expense,client			
SolicitacaoPagamentoEscritorioViews	0	expense			
SolicitacaoPagamentoInstitucionalViews	0	expense			
SolicitacaoPagamentoItemAprovacaoViews	0	expense		Data,DataAlteracao,DataInclusao	
SolicitacaoPagamentoItemContaFinanceiraViews	0	expense		SolicitacaoPagamentoDataEnvioFinanceiro,DataDocumento	
SolicitacaoPagamentoItemViews	0	expense,payroll,tax,client,budget		SolicitacaoPagamentoDataVencimento,SolicitacaoPagamentoDataInclusao,DataDocumento,DataAprovacao,DataReprovacao,DataAlteracao,DataInclusao	
SolicitacaoPagamentoUnicoItemViews	0	expense,client,budget			
SolicitacaoPagamentoUnicoViews	0	expense,client		DataVencimento	
SolicitacaoPagamentoViews	0	expense,payroll,tax,client		DataVencimento,DataDocumento,DataEnvioFinanceiro,DataAlteracao,DataInclusao	
SolicitacaoPastaFisicaViews	0	payroll,tax,client		DataSolicitacao,CasoDataAbertura,PastaFisicaDataInclusao,PastaFisicaUltimaAtualizacaoMovimentacao,DataInclusao,DataAlteracao,DataPrevisaoDevolucao	
SubAreaJuridicaViews	5		Id,Codigo,AreaJuridicaId,AreaJuridicaNome,Nome,Sigla,Ativo,DataInclusao,UsuarioInclusao,DataAlteracao,UsuarioAlteracao,Selecionado	DataInclusao,DataAlteracao	
SyncLogItemGrupoViews	5		Id,IdExecucao,Modelo,Chave,Mensagem,Dados,Tipo,DataExecucao	DataExecucao	
SyncLogItemViews	5		Id,IdExecucao,Modelo,Chave,Mensagem,Dados,Tipo,DataExecucao	DataExecucao	
TSCasoViews	5	expense,client	Id,Codigo,CodigoSimplificado,CodigoNumerico,ClienteId,ClienteCodigo,ClienteCodigoNumerico,ClientePessoaNome,ClientePessoaNomeFantasia,ClienteSituacao,ClienteClienteRaiz,ClienteCodigoSimplificado,ClienteEBillingEmpresaEbillingDocumentoId,Assunto,AreaJuridicaId	DataAbertura,DataEncerramento	
TSClienteFavoritoViews	0	client		DataAbertura,DataEncerramento	
TSClienteViews	5	client	Id,Codigo,CodigoSimplificado,CodigoNumerico,PessoaTipo,PessoaCnpjCpf,PessoaNome,PessoaNomeFantasia,Situacao,ClienteRaiz,DataAbertura,DataEncerramento,TipoCliente,SituacaoCadastro,UtilizaEBilling	DataAbertura	
TSCompromissoResponsavelViews	1	payroll,tax,client	Id,CompromissoId,ProfissionalId,ProfissionalSigla,ProfissionalPessoaNome,ProfissionalPessoaNomeFantasia,TipoResponsabilidadeId,TipoResponsabilidadeTipo,CompromissoAssuntoCasoClienteId,CompromissoAssuntoCasoId,CompromissoAssuntoId,CompromissoAssuntoObjetoDescricao,CompromissoAssuntoSituacao,CompromissoTipoCompromissoId,CompromissoTipoCompromissoDescricao	CompromissoData	
TSEBillingDocumentoViews	0				
TSEBillingFaseViews	0				
TSEbillingAtividadeViews	0				
TSEbillingTarefaViews	0				
TSFavoritoViews	0	expense,payroll,tax,client		DataAbertura,DataEncerramento,DataInclusao,DataAlteracao	
TSIdiomaTipoAtividadeViews	5		Id,Codigo,IdiomaId,IdiomaIso,TipoAtividadeId,TipoAtividadeDescricaoPadrao,TipoAtividadeAtivo,TipoAtividadeCobravel,TipoAtividadeZeraTempoRevisado,Descricao,DescricaoPadrao,TipoAtividadeCodigo		
TSMonitorDesbloqueioViews	0			DataDesbloqueio,DataInclusao,DataAlteracao	
TSProfissionalViews	5	expense,payroll,tax	Id,Codigo,Sigla,PessoaNome,PessoaNomeFantasia,PessoaCnpjCpf,EscritorioId,EscritorioNome,GrupoJuridicoId,GrupoJuridicoNome,CategoriaId,CategoriaNome,Socio,Revisor,Tecnico	DataEntrada,DataSaida	
TSSolicitacaoDespesaViews	0	expense,payroll,tax,client		Data,DataAprovacao,DataInclusao,DataAlteracao	
TSTabeladoViews	0	client		DataConclusao	
TSTipoAtividadeViews	5		Id,Codigo,Descricao,DescricaoPadrao,Ativo,Selecionado,IdiomaTipoAtividadesFlat		
TSUsuarioViews	5	payroll,tax	Id,ProfissionalId		
TabelaConversaoViews	2		Id,Descricao,Moeda1Id,Moeda1Sigla,Moeda2Id,Moeda2Sigla,Codigo,DataInclusao,DataAlteracao,UsuarioInclusao,UsuarioAlteracao,Tipo	DataInclusao,DataAlteracao	
TabelaPadraoHistoricoViews	3	revenue	Id,Codigo,HonorarioId,HonorarioSigla,AnoMesInicial,DataAnoMesInicial,AnoMesFinal,DataAnoMesFinal,UsuarioInclusao,DataAlteracao,UsuarioAlteracao,DataInclusao	DataAnoMesInicial,DataAnoMesFinal,DataAlteracao,DataInclusao	
TabelaRateioHistoricoViews	0	payroll,tax		DataAnoMesInicial,DataAnoMesFinal,DataInclusao,DataAlteracao	
TabelaRateioViews	1	payroll	Id,Codigo,Descricao,Tipo,Ativo,DataInclusao,UsuarioInclusao,DataAlteracao,UsuarioAlteracao,MultiRegistrosHistorico	DataInclusao,DataAlteracao	
TabelaServicoDetalheViews	0	revenue,payroll		DataInclusao,DataAlteracao	
TabelaServicoViews	0			DataInclusao,DataAlteracao	
TabeladoViews	0	payroll,tax,client		Data,DataConclusao,DataInclusao,DataAlteracao	
TemplateWorkflowViews	0	payroll,tax		DataInclusao,DataAlteracao	
TemporalidadeViews	0			DataInclusao,DataAlteracao	
TermoPublicacaoAbrangenciaViews	0			DataInclusao,DataAlteracao	
TermoPublicacaoPalavraBloqueadaViews	0			DataInclusao,DataAlteracao	
TermoPublicacaoPalavraObrigatoriaViews	0			DataInclusao,DataAlteracao	
TermoPublicacaoVariacaoViews	0			DataInclusao,DataAlteracao	
TermoPublicacaoViews	0			DataInclusao,DataAlteracao	
TimeZoneViews	141		Id,Name		
TimesheetFluxoAprovacaoViews	0	payroll,tax		DataReprovacao,DataInclusao,DataAlteracao	
TimesheetGridViews	0	payroll,tax,client		Data,DataInclusao,DataAlteracao,DataReprovacao	
TimesheetGrupoJuridicoViews	5	payroll,tax,client	CasoCodigo,CasoCodigoSimplificado,CasoCodigoNumerico,CasoAssunto,CasoClienteCodigo,CasoClienteClienteRaiz,CasoClienteCodigoSimplificado,CasoClienteCodigoNumerico,CasoClientePessoaNome,CasoClientePessoaNomeFantasia,Data,DataInclusao,UsuarioInclusao,DataAlteracao,UsuarioAlteracao	Data,DataInclusao,DataAlteracao	
TimesheetRevisaoViews	5	payroll,tax,client	Id,Codigo,CasoId,CasoCodigo,CasoCodigoSimplificado,CasoCodigoNumerico,CasoAssunto,CasoSituacaoJuridica,CasoAreaJuridicaId,CasoClienteId,CasoClienteCodigo,CasoClienteClienteRaiz,CasoClienteCodigoSimplificado,CasoClienteCodigoNumerico,CasoClientePessoaNome	Data,DataInclusao,DataAlteracao	TimesheetVinculadoFilhosCount,TimesheetVinculadoPaisCount
TimesheetViews	0	revenue,payroll,tax,invoice,client		Data,DataInclusao,DataAlteracao,DataReprovacao	
TimesheetVinculadoViews	5	payroll,tax	Id,TimesheetOrigemId,ProfissionalId,ProfissionalPessoaNome,ProfissionalSigla,ProfissionalCodigo,TimesheetNovoId,SincronizaTempo,SincronizaDescricao,Situacao		
TipoAcaoViews	5		Id,Codigo,NaturezaId,NaturezaDescricao,Descricao,DataInclusao,UsuarioInclusao,DataAlteracao,UsuarioAlteracao,CadastroPerfilIds	DataInclusao,DataAlteracao	
TipoAlocacaoViews	0	expense		DataInclusao,DataAlteracao	
TipoAssuntoPerfilViews	5		Id,TipoAssuntoId,TipoAssuntoNome,TipoAssuntoCodigo,PerfilId,PerfilCodigo,Padrao		
TipoAssuntoViews	5		Id,Nome,Ativo,Processo,Codigo,DataInclusao,UsuarioInclusao,DataAlteracao,UsuarioAlteracao,CadastroPerfilIds	DataInclusao,DataAlteracao	
TipoAtividadeTipoAtividadeEbillingViews	0	client		DataInclusao,DataAlteracao	
TipoAtividadeViews	5	client	Id,Codigo,Descricao,DescricaoPadrao,ParticipacaoCliente,Cobravel,Ativo,ZeraTempoRevisado,DataInclusao,UsuarioInclusao,DataAlteracao,UsuarioAlteracao	DataInclusao,DataAlteracao	
TipoCobrancaViews	5		Id,Descricao,Ativo,DataInclusao,UsuarioInclusao,DataAlteracao,UsuarioAlteracao,Codigo,Hora,Fixo,Cobravel,Selecionado	DataInclusao,DataAlteracao	
TipoCompromissoViews	5	tax	Id,Codigo,CategoriaCompromissoId,CategoriaCompromissoDescricao,Descricao,Tipo,ObrigaHora,SincronizaOutlook,SituacaoOutlook,SugestaoDescricao,DataInclusao,UsuarioInclusao,DataAlteracao,UsuarioAlteracao,CadastroPerfilIds	DataInclusao,DataAlteracao	
TipoContaViews	5		Id,Codigo,Descricao		
TipoContratoViews	0	client		DataInclusao,DataAlteracao	
TipoDespesaViews	5	expense	Id,Codigo,Descricao,Localidade,ValorUnitario,Ativo,DescricaoPadrao,Cobravel,DataInclusao,UsuarioInclusao,DataAlteracao,UsuarioAlteracao	DataInclusao,DataAlteracao	
TipoDocumentoViews	3		Id,Codigo,Descricao,PercentualAcrescimo,DataInclusao,UsuarioInclusao,DataAlteracao,UsuarioAlteracao	DataInclusao,DataAlteracao	
TipoEnderecoViews	0			DataInclusao,DataAlteracao	
TipoEnvolvimentoViews	3		Id,Codigo,Descricao,Polo,DataInclusao,UsuarioInclusao,DataAlteracao,UsuarioAlteracao,CadastroPerfilIds	DataInclusao,DataAlteracao	
TipoHistoricoViews	0			DataInclusao,DataAlteracao	
TipoHoraCasoProfissionalViews	0	payroll,tax,client		DataInclusao,DataAlteracao	
TipoHoraCasoViews	0	payroll,tax,client		DataAnoMesInicial,DataAnoMesFinal,DataInclusao,DataAlteracao	
TipoHoraProfissionalViews	0	payroll,tax		DataInclusao,DataAlteracao	
TipoHoraViews	0	payroll,tax		DataAnoMesInicial,DataAnoMesFinal,DataInclusao,DataAlteracao	
TipoLogradouroViews	5		Id,Codigo,Descricao,CodigoPrefeitura,DataInclusao,UsuarioInclusao,DataAlteracao,UsuarioAlteracao	DataInclusao,DataAlteracao	
TipoMovimentacaoFinanceiraViews	5		Id,CategoriaMovimentacaoFinanceiraId,CategoriaMovimentacaoFinanceiraNome,Descricao,Atualizar,Levantamento,Ativo,Codigo,DataInclusao,UsuarioInclusao,DataAlteracao,UsuarioAlteracao,CadastroPerfilIds	DataInclusao,DataAlteracao	
TipoOcorrenciaViews	0			DataInclusao,DataAlteracao	
TipoOfertaViews	0			DataInclusao,DataAlteracao	
TipoOriginacaoViews	2		Id,Codigo,Descricao,Ativo,Tipo,PrazoValidade,SomaOriginacao,InclusaoSocio,Obrigatorio,DataInclusao,UsuarioInclusao,DataAlteracao,UsuarioAlteracao	DataInclusao,DataAlteracao	
TipoPedidoValorViews	3		Id,Descricao,Ordem,Percentual,CalculoValorInicialId,CalculoValorInicialDescricao,CalculoValorInicialFormulaCalculo,FormaCorrecaoId,FormaCorrecaoDescricao,CalculoValorCalculado1Id,CalculoValorCalculado1Descricao,CalculoValorCalculado1FormulaCalculo,CalculoValorCalculado2Id,CalculoValorCalculado2Descricao,CalculoValorCalculado2FormulaCalculo	DataInclusao,DataAlteracao	
TipoPedidoViews	5		Id,Codigo,Descricao,DataInclusao,UsuarioInclusao,DataAlteracao,UsuarioAlteracao,CadastroPerfilIds	DataInclusao,DataAlteracao	
TipoPrestacaoContasViews	0			DataInclusao,DataAlteracao	
TipoProcessoViews	0			DataInclusao,DataAlteracao	
TipoRateioProfissionalViews	0	payroll,tax		DataInclusao,DataAlteracao	
TipoRelatorioViews	0			DataInclusao,DataAlteracao	
TipoRemuneracaoViews	0			DataInclusao,DataAlteracao,DataAnoMesInicial,DataAnoMesFinal	
TipoResponsabilidadeViews	5		Id,Codigo,Descricao,Tipo,DataInclusao,UsuarioInclusao,DataAlteracao,UsuarioAlteracao	DataInclusao,DataAlteracao	
TipoServicoViews	0			DataInclusao,DataAlteracao	
TipoSolicitacaoViews	0				
TrabalhistaAssuntoGridViews	1	payroll,tax,client	CasoClienteCodigo,CasoClienteCodigoSimplificado,CasoClientePessoaNome,CasoClientePessoaNomeFantasia,CasoCodigo,CasoCodigoSimplificado,CasoAssunto,NumeroProcesso,ValidarCNJ,NumerosProcesso,TipoAcaoDescricao,EnvolvidoAtivoPessoaNome,CidadeEstadoSigla,CidadeNome,CidadeId	DataEntrada,DataInclusao,DataAlteracao	
TrabalhistaAssuntoViews	1	payroll,tax,client	CasoClienteId,CasoClienteCodigo,CasoClientePessoaId,CasoClientePessoaNome,CasoClientePessoaTipo,CasoClienteClienteRaiz,CasoClienteCodigoSimplificado,CasoClienteEBillingEmpresaEbillingDocumentoId,CasoId,CasoCodigo,CasoCodigoSimplificado,CasoAssunto,CasoCasoContratoCodigo,CasoCasoContratoAssunto,CasoCasoMaeAssunto	DataEntrada,DataDistribuicao	
TrabalhistaEnvolvidoViews	0	payroll,tax,client		DataAdmissao,DataDemissao,DataNascimento,DataUltimoSalario,DataInclusao,DataAlteracao	
TratamentoViews	0			DataInclusao,DataAlteracao	
TribunalViews	5		Id,Codigo,Nome,Sigla,Uf		
TributarioAssuntoViews	1	payroll,tax,client	CasoClienteId,CasoClienteCodigo,CasoClienteCodigoSimplificado,CasoClientePessoaId,CasoClientePessoaNome,CasoClientePessoaTipo,CasoClienteClienteRaiz,CasoClienteEBillingEmpresaEbillingDocumentoId,CasoId,CasoCodigo,CasoCodigoSimplificado,CasoAssunto,CasoCasoContratoCodigo,CasoCasoContratoAssunto,CasoCasoMaeAssunto	DataEntrada,DataDistribuicao	
TributarioPedidoValorViews	0			Data,DataJuros,PreliminarData,DataInclusao,DataAlteracao	
TributarioPedidoViews	0			Data,InicialData	
TributoAbaViews	0	tax			
TributoTotalAbaViews	0	tax			
TributoViews	5	tax	Id,DataAnoMes,AnoMes,EmpresaId,PercentualIRPJ,PercentualCSLL,PercentualPIS,PercentualCOFINS,EmpresaNomeFantasia,DataInclusao,UsuarioInclusao,DataAlteracao,UsuarioAlteracao,Codigo	DataAnoMes,DataInclusao,DataAlteracao	
UnidadeMedidaViews	4		Id,Codigo,Sigla,Descricao,DataInclusao,UsuarioInclusao,DataAlteracao,UsuarioAlteracao	DataInclusao,DataAlteracao	
UsuarioPerfilViews	5		Id,UsuarioId,UsuarioNome,UsuarioUsuarioAd,UsuarioAtivo,UsuarioBloqueado,UsuarioProvider,PerfilId,PerfilNome,PerfilNivel,PerfilCodigo,Padrao,DataInclusao,UsuarioInclusao,DataAlteracao	DataInclusao,DataAlteracao	
UsuarioViews	5	payroll,tax	Id,Codigo,Nome,UsuarioAd,Email,ProfissionalId,TemProfissional,ProfissionalPessoaNome,ProfissionalSigla,ProfissionalPessoaNomeFantasia,UsuarioIdp,Provider,Secret,DataAlteracao,UsuarioAlteracao	DataAlteracao,DataInclusao	
ValorCotacaoViews	5		Id,Codigo,DataInclusao,DataAlteracao,UsuarioInclusao,UsuarioAlteracao,Data,Valor,TabelaConversaoId	DataInclusao,DataAlteracao,Data	
VaraViews	5		Id,Codigo,ForoCidadeNome,ForoCidadeEstadoSigla,ForoCidadeId,ForoId,ForoCodigo,ForoDescricao,Descricao,Endereco,Ativo,ChaveCnj,DataInclusao,UsuarioInclusao,DataAlteracao	DataInclusao,DataAlteracao	
VersaoViews	5		Id,NumeroVersao,DataInclusao,UsuarioInclusao,DataAlteracao,UsuarioAlteracao	DataInclusao,DataAlteracao	
